buildingname,buildingaddress,buildingtype,greenmarkrating,lat,long
HEXACUBE,"160 CHANGI ROAD, SINGAPORE 419728",Mixed Development,None,1.316481,103.899281
CITY SQUARE MALL,"180 KITCHENER ROAD, SINGAPORE 208539",Retail,Platinum,1.311243,103.856577
REPUBLIC PLAZA,"9 RAFFLES PLACE, SINGAPORE 048619",Office,Platinum,1.282353,103.850762
CENTRAL MALL,"1 MAGAZINE ROAD, SINGAPORE 059567",Office,Platinum,1.28861,103.842318
KINEX,"11 TANJONG KATONG ROAD, SINGAPORE 437157",Retail,Gold,1.3150629999999999,103.89463
UNITED SQUARE,"101 THOMSON ROAD, SINGAPORE 307591",Mixed Development,None,1.317201,103.843891
TIALOC CENTRE,"731 NORTH BRIDGE ROAD, SINGAPORE 198699",Office,None,1.302661,103.858621
HPL HOUSE,"50 CUSCADEN ROAD, SINGAPORE 249724",Office,None,1.305887,103.828177
,"69 KEONG SAIK ROAD, SINGAPORE 089165",Hotel,None,1.281039,103.84164
CMO BUILDING,"50 SOUTH BRIDGE ROAD, SINGAPORE 058682",Office,None,1.2836319999999999,103.846103
,"1 LORONG 14 GEYLANG, SINGAPORE 398913",Hotel,None,1.312209,103.879184
,"15 LORONG 22 GEYLANG, SINGAPORE 398673",Hotel,None,1.312345,103.882462
WANGZ HOTEL,"231 OUTRAM ROAD, SINGAPORE 169040",Hotel,None,1.284322,103.83501
,"33 LORONG 12 GEYLANG, SINGAPORE 399007",Retail,None,1.310227,103.878807
,"759 MOUNTBATTEN ROAD, SINGAPORE 437761",Hotel,None,1.3005950000000002,103.89154599999999
,"1 LORONG 10 GEYLANG, SINGAPORE 399035",Hotel,None,1.311923,103.877739
PARLIAMENT HOUSE COMPLEX,"1 PARLIAMENT PLACE, SINGAPORE 178880",Office,Platinum,1.288935,103.850297
BROADWAY HOTEL,"195 SERANGOON ROAD, SINGAPORE 218067",Hotel,None,1.309179,103.853225
GATEWAY EAST,"152 BEACH ROAD, SINGAPORE 189721",Office,None,1.2988979999999999,103.85933299999999
,"9 JALAN BESAR, SINGAPORE 208786",Hotel,None,1.303963,103.854177
CHYE SING BUILDING,"87 BEACH ROAD, SINGAPORE 189695",Office,None,1.297453,103.856966
SIXTH AVENUE CENTRE,"805 BUKIT TIMAH ROAD, SINGAPORE 279883",Retail,None,1.321784,103.821428
NOSTALGIA HOTEL,"77 TIONG BAHRU ROAD, SINGAPORE 168727",Hotel,None,1.285095,103.833551
CROWN CENTRE,"557 BUKIT TIMAH ROAD, SINGAPORE 269694",Retail,None,1.321784,103.821428
,"19 LORONG 22 GEYLANG, SINGAPORE 398676",Hotel,None,1.312201,103.882467
GRACE GLOBAL RAFFLES,"137 MARKET STREET, SINGAPORE 048943",Office,GoldPlus,1.2822930000000001,103.850468
,"36 TEMPLE STREET, SINGAPORE 058581",Hotel,None,1.283207,103.843869
LIAN HUAT BUILDING,"163 TRAS STREET, SINGAPORE 079024",Office,None,1.276252,103.84405
THE GLOBE,"100 CECIL STREET, SINGAPORE 069532",Office,None,1.2811620000000001,103.848965
,"380 RACE COURSE ROAD, SINGAPORE 218702",Hotel,None,1.315043,103.857233
,"163 KITCHENER ROAD, SINGAPORE 208538",Hotel,None,1.3102719999999999,103.856533
YEE LAN COURT,"22 BUKIT PASOH ROAD, SINGAPORE 089836",Office,None,1.279121,103.840826
LEUNG KAI FOOK BUILDING,"84 SOUTH BRIDGE ROAD, SINGAPORE 058714",Office,None,1.287167,103.848167
WONG SHEE FUN BUILDING,"74 SOUTH BRIDGE ROAD, SINGAPORE 058704",Office,None,1.287167,103.848167
GOLDEN CASTLE BUILDING,"80 SOUTH BRIDGE ROAD, SINGAPORE 058710",Office,None,1.286809,103.84774300000001
HIGH STREET PLAZA,"77 HIGH STREET, SINGAPORE 179433",Office,None,1.291004,103.84885
VIVO CITY,"1 HARBOURFRONT WALK, SINGAPORE 098585",Retail,Gold,1.263366,103.82196400000001
CAMERON HOTEL,"393F UPPER CHANGI ROAD, SINGAPORE 486917",Hotel,None,1.336742,103.95497399999999
POH HENG BUILDING,"28 NORTH CANAL ROAD, SINGAPORE 059284",Office,None,1.286874,103.84751700000001
CITY PLAZA,"810 GEYLANG ROAD, SINGAPORE 409286",Retail,None,1.315184,103.893711
HOTEL 165,"165 KITCHENER ROAD, SINGAPORE 208532",Hotel,None,1.3104790000000002,103.856274
GRAND U HOTEL,"43 JALAN BESAR, SINGAPORE 208804",Hotel,None,1.304727,103.85475100000001
BEAUTY WORLD CENTRE,"144 UPPER BUKIT TIMAH ROAD, SINGAPORE 588177",Retail,None,1.342419,103.776126
OLD HILL STREET POLICE STATION,"140 HILL STREET, SINGAPORE 179369",Office,Platinum,1.2904790000000002,103.848146
MINISTRY OF MANPOWER BUILDING,"18 HAVELOCK ROAD, SINGAPORE 059764",Office,Platinum,1.2875,103.844229
MINISTRY OF MANPOWER SERVICES CENTRE,"1500 BENDEMEER ROAD, SINGAPORE 339946",Office,Platinum,1.327404,103.868826
HOTEL ROYAL @ QUEENS,"12 QUEEN STREET, SINGAPORE 188553",Hotel,Gold,1.297559,103.852227
,"301 SERANGOON ROAD, SINGAPORE 218224",Hotel,None,1.311353,103.854752
PERAK COURT,"25A PERAK ROAD, SINGAPORE 208136",Hotel,None,1.305513,103.854108
,"50 TIONG BAHRU ROAD, SINGAPORE 168733",Hotel,None,1.284912,103.834288
KECK SENG TOWER,"133 CECIL STREET, SINGAPORE 069535",Office,Certified,1.280155,103.848955
STRAND HOTEL,"25 BENCOOLEN STREET, SINGAPORE 189619",Hotel,None,1.2986540000000002,103.849738
,"240 JALAN BESAR, SINGAPORE 208913",Hotel,None,1.3094729999999999,103.858162
ONE RAFFLES LINK,"1 RAFFLES LINK, SINGAPORE 039393",Office,GoldPlus,1.292157,103.855695
SCOTTSWALK,"25 SCOTTS ROAD, SINGAPORE 228220",Mixed Development,Gold,1.307089,103.831446
,"37 LORONG 8 GEYLANG, SINGAPORE 399099",Hotel,None,1.310674,103.877397
THE CONCOURSE,"300 BEACH ROAD, SINGAPORE 199555",Office,Platinum,1.301022,103.862493
KIM TIAN (STAR) HOTEL,"4 LORONG 6 GEYLANG, SINGAPORE 399166",Hotel,None,1.311436,103.87624
KIM TIAN HOTEL (HAN),"29 LORONG 4 GEYLANG, SINGAPORE 399281",Hotel,None,1.310162,103.876203
,"21 LORONG 22 GEYLANG, SINGAPORE 398678",Hotel,None,1.312059,103.88247199999999
GSM BUILDING,"141 MIDDLE ROAD, SINGAPORE 188976",Office,None,1.300502,103.851708
MAXWELL CHAMBERS,"32 MAXWELL ROAD, SINGAPORE 069115",Office,None,1.2797459999999998,103.84477
EFG BANK BUILDING,"25 NORTH BRIDGE ROAD, SINGAPORE 179104",Office,None,1.290217,103.849663
YUE HWA (NAM TIN) BUILDING,"70 EU TONG SEN STREET, SINGAPORE 059805",Retail,None,1.2833450000000002,103.842507
AIA TOWER,"1 ROBINSON ROAD, SINGAPORE 048542",Office,Certified,1.281986,103.851099
AIA ALEXANDRA,"371 ALEXANDRA ROAD, SINGAPORE 159963",Office,Certified,1.2909899999999999,103.820786
,"1 KEONG SAIK ROAD, SINGAPORE 089109",Office,None,1.278791,103.841409
ST. ANDREW'S CENTRE,"250 TANJONG PAGAR ROAD, SINGAPORE 088541",Office,None,1.273858,103.843246
SAINT ANDREW'S COMMUNITY HOSPITAL,"8 SIMEI STREET 3, SINGAPORE 529895",Community Hospital,None,1.338665,103.949203
HQ SINGAPORE CIVIL DEFENCE FORCE,"91 UBI AVENUE 4, SINGAPORE 408827",Office,None,1.333915,103.89269
CIVIL DEFENCE ACADEMY,"101 JALAN BAHAR, SINGAPORE 649734",Office,None,1.357479,103.695042
PRAWN WORLD BUILDING,"473 BALESTIER ROAD, SINGAPORE 329843",Hotel,None,1.320233,103.852949
BUKIT TIMAH PLAZA,"1 JALAN ANAK BUKIT, SINGAPORE 588996",Retail,Gold,1.3388229999999999,103.778594
FAR EAST PLAZA,"14 SCOTTS ROAD, SINGAPORE 228213",Retail,GoldPlus,1.307175,103.833814
MMI BUILDING,"72 SOUTH BRIDGE ROAD, SINGAPORE 058702",Office,None,1.284573,103.846642
MMI BUILDING II,"70 SOUTH BRIDGE ROAD, SINGAPORE 058700",Office,None,1.287056,103.847971
THE GRANDPLUS,"163 GEYLANG ROAD, SINGAPORE 389240",Office,None,1.308453,103.864051
TAN CHONG TOWER,"15 QUEEN STREET, SINGAPORE 188537",Office,None,1.298036,103.852676
PUBLIC MANSIONS,"432 BALESTIER ROAD, SINGAPORE 329813",Mixed Development,None,1.320233,103.852949
SWISSOTEL MERCHANT COURT SINGAPORE,"20 MERCHANT ROAD, SINGAPORE 058281",Hotel,Platinum,1.288218,103.845692
NEX,"23 SERANGOON CENTRAL, SINGAPORE 556083",Retail,Gold,1.348322,103.874678
GENTING HOTEL JURONG,"2 TOWN HALL LINK, SINGAPORE 608516",Hotel,Platinum,1.3315620000000001,103.73926
GENTING CENTRE,"3 LIM TECK KIM ROAD, SINGAPORE 088934",Office,None,1.273498,103.84196899999999
RESORTS WORLD SENTOSA,"8 SENTOSA GATEWAY, SINGAPORE 098269",Mixed Development,Platinum,1.258366,103.820487
SANDPIPER HOTEL,"63 DUNLOP STREET, SINGAPORE 209391",Hotel,None,1.304809,103.853596
PIL BUILDING,"140 CECIL STREET, SINGAPORE 069540",Office,None,1.2805309999999999,103.848496
KH KEA BUILDING,"333 NORTH BRIDGE ROAD, SINGAPORE 188721",Office,None,1.305373,103.864006
,"79 ALIWAL STREET, SINGAPORE 199949",Hotel,None,1.302334,103.861042
NORDIC EUROPEAN CENTRE,"3 INTERNATIONAL BUSINESS PARK, SINGAPORE 609927",Office,None,1.3294350000000001,103.747742
CHINATOWN POINT,"133 NEW BRIDGE ROAD, SINGAPORE 059413",Mixed Development,Certified,1.2849059999999999,103.844904
,"80 ROBINSON ROAD, SINGAPORE 068898",Office,None,1.280143,103.84934200000001
OUE DOWNTOWN,"6 SHENTON WAY, SINGAPORE 068809",Office,Certified,1.277687,103.848846
AMCIS HOUSE,"16 UPPER CIRCULAR ROAD, SINGAPORE 058414",Office,None,1.288778,103.84820500000001
,"36 PURVIS STREET, SINGAPORE 188613",Mixed Development,None,1.296184,103.855581
ORCHARD PLAZA,"150 ORCHARD ROAD, SINGAPORE 238841",Retail,GoldPlus,1.3008620000000002,103.840878
YTC BUILDING,"33 MAUDE ROAD, SINGAPORE 208344",Office,None,1.307895,103.8585
THE OXLEY,"9 OXLEY RISE, SINGAPORE 238697",Office,None,1.297856,103.842704
GOODMAN ARTS CENTRE,"90 GOODMAN ROAD, SINGAPORE 439053",Office,None,1.304284,103.888439
KAM LENG HOTEL,"383 JALAN BESAR, SINGAPORE 209001",Hotel,None,1.313224,103.8597
,"9 TAMPINES GRANDE, SINGAPORE 528735",Office,Platinum,1.354791,103.942451
,"11 TAMPINES CONCOURSE, SINGAPORE 528729",Office,GoldPlus,1.3563889999999998,103.940862
,"10 LORONG 9 GEYLANG, SINGAPORE 388758",Private Clinic,None,1.312933,103.876374
NGEE ANN POLYTECHNIC,"535 CLEMENTI ROAD, SINGAPORE 599489",Polytechnic,GoldPlus,1.332398,103.775407
KK WOMEN'S AND CHILDREN'S HOSPITAL,"100 BUKIT TIMAH ROAD, SINGAPORE 229899",General Hospital/ Specialist Centre (Public),None,1.310219,103.846614
INSTITUTE OF MENTAL HEALTH,"10 BUANGKOK VIEW, SINGAPORE 539747",Nursing Home,GoldPlus,1.375523,103.910393
TEMASEK POLYTECHNIC,"21 TAMPINES AVENUE 1, SINGAPORE 529757",Polytechnic,Platinum,1.3469200000000001,103.932739
,"1 TELOK BLANGAH RISE, SINGAPORE 098888",Private School,None,1.272585,103.821384
SO SOFITEL SINGAPORE,"35 ROBINSON ROAD, SINGAPORE 068876",Hotel,Platinum,1.279922,103.849655
SINGAPORE MANAGEMENT UNIVERSITY,"50 STAMFORD ROAD, SINGAPORE 178899",Univerisity,Platinum,1.2947799999999998,103.850095
,"81 VICTORIA STREET, SINGAPORE 188065",Univerisity,Platinum,1.296267,103.851854
,"461 CLEMENTI ROAD, SINGAPORE 599491",Univerisity,GoldPlus,1.32884,103.77636
NATIONAL HEART CENTRE OF SINGAPORE,"5 HOSPITAL DRIVE, SINGAPORE 169609",Specialist Centre (Public),Platinum,1.2785870000000001,103.83606400000001
KWONG WAI SHIU HOSPITAL,"705 SERANGOON ROAD, SINGAPORE 328127",TCM Clinic,None,1.307144,103.852195
SINGAPORE GENERAL HOSPITAL,"1 HOSPITAL DRIVE, SINGAPORE 169608",General Hospital/ Specialist Centre (Public),None,1.278659,103.83313199999999
THE TREASURY,"100 HIGH STREET, SINGAPORE 179434",Office,Platinum,1.291004,103.84885
,"930 YISHUN AVENUE 2, SINGAPORE 769098",Retail,Gold,1.429604,103.835647
HOTEL MIRAMAR,"401 HAVELOCK ROAD, SINGAPORE 169631",Hotel,None,1.2882200000000001,103.83741500000001
,"34 JALAN EUNOS, SINGAPORE 419496",Private Clinic,None,1.3202969999999998,103.905466
CHANGI GENERAL HOSPITAL,"2 SIMEI STREET 3, SINGAPORE 529889",General Hospital/ Specialist Centre (Public),None,1.3404459999999998,103.949053
,"501 STIRLING ROAD, SINGAPORE 148951",Private School,GoldPlus,1.297502,103.80054399999999
GB BUILDING,"143 CECIL STREET, SINGAPORE 069542",Office,None,1.2813350000000001,103.849324
SINGAPORE INSTITUTE OF MANAGEMENT,"41 NAMLY AVENUE, SINGAPORE 267616",Univerisity,None,1.327391,103.800871
CAMDEN CENTRE,"1 ORCHARD BOULEVARD, SINGAPORE 248649",Private Clinic,None,1.303136,103.82387299999999
KHOO TECK PUAT HOSPITAL,"90 YISHUN CENTRAL, SINGAPORE 768828",General Hospital/ Specialist Centre (Public),Platinum,1.42381,103.83821
NATIONAL CANCER CENTRE,"11 HOSPITAL DRIVE, SINGAPORE 169610",Specialist Centre (Public),None,1.2789110000000001,103.836617
NKF CENTRE,"81 KIM KEAT ROAD, SINGAPORE 328836",Specialist Centre (Public),None,1.326571,103.85453000000001
INCOME AT RAFFLES,"16 COLLYER QUAY, SINGAPORE 049318",Office,None,1.284208,103.852661
VILLAGE HOTEL CHANGI,"1 NETHERAVON ROAD, SINGAPORE 508502",Hotel,None,1.3905,103.98594200000001
VILLAGE HOTEL KATONG,"25 MARINE PARADE, SINGAPORE 449536",Hotel,Certified,1.303619,103.90299499999999
ASSOCIATION BUILDING,"68 LORONG 16 GEYLANG, SINGAPORE 398889",Office,None,1.310424,103.879774
,"30 MOSQUE STREET, SINGAPORE 059508",Hotel,None,1.2835379999999998,103.845386
AN CHUAN BUILDING,"27 PURVIS STREET, SINGAPORE 188604",Office,None,1.296223,103.855257
ASO BUILDING,"8 ROBINSON ROAD, SINGAPORE 048544",Office,None,1.2822850000000001,103.85081
,"11 MANDALAY ROAD, SINGAPORE 308232",Univerisity,Platinum,1.3212270000000002,103.848957
NANYANG TECHNOLOGICAL UNIVERSITY,"50 NANYANG AVENUE, SINGAPORE 639798",Univerisity,Platinum,1.3433549999999999,103.682051
,"405 HAVELOCK ROAD, SINGAPORE 169633",Hotel,Platinum,1.287635,103.836093
TELOK AYER FESTIVAL MARKET,"18 RAFFLES QUAY, SINGAPORE 048582",Retail,None,1.280591,103.850533
313 @ SOMERSET,"313 ORCHARD ROAD, SINGAPORE 238895",Retail,Platinum,1.301026,103.83827099999999
SINGAPORE LAND TOWER,"50 RAFFLES PLACE, SINGAPORE 048623",Office,None,1.284774,103.85197099999999
CPF TAMPINES BUILDING,"1 TAMPINES CENTRAL 5, SINGAPORE 529508",Office,None,1.35319,103.943481
CPF BISHAN BUILDING,"3 BISHAN PLACE, SINGAPORE 579838",Office,None,1.349885,103.848677
CPF JURONG BUILDING,"21 JURONG GATEWAY ROAD, SINGAPORE 608546",Office,None,1.3316780000000001,103.742213
OG ALBERT COMPLEX,"60 ALBERT STREET, SINGAPORE 189969",Mixed Development,Gold,1.302187,103.8539
OG ORCHARD POINT,"160 ORCHARD ROAD, SINGAPORE 238842",Retail,None,1.301084,103.840453
OG ORCHARD,"228 ORCHARD ROAD, SINGAPORE 238853",Retail,None,1.3017,103.838432
OG BUILDING,"100 UPPER CROSS STREET, SINGAPORE 058360",Retail,None,1.2851270000000001,103.843386
TOKIO MARINE CENTRE,"20 MCCALLUM STREET, SINGAPORE 069046",Office,GoldPlus,1.279596,103.84794000000001
,"1 RAFFLES QUAY, SINGAPORE 048583",Office,Platinum,1.281108,103.851871
HIGH STREET CENTRE,"1 NORTH BRIDGE ROAD, SINGAPORE 179094",Office,Platinum,1.289835,103.849117
MUSTAFA CENTRE,"145 SYED ALWI ROAD, SINGAPORE 207704",Retail,None,1.31036,103.854964
WEST MALL,"1 BUKIT BATOK CENTRAL LINK, SINGAPORE 658713",Retail,Gold,1.350103,103.749261
,"22 JALAN MOLEK, SINGAPORE 399541",Hotel,None,1.311706,103.882677
BOON SIEW BUILDING,"75 BUKIT TIMAH ROAD, SINGAPORE 229833",Office,None,1.3296569999999999,103.800957
GERMAN CENTRE,"25 INTERNATIONAL BUSINESS PARK, SINGAPORE 609916",Office,Platinum,1.3294350000000001,103.747742
ANSON HOUSE,"72 ANSON ROAD, SINGAPORE 079911",Office,None,1.273867,103.844445
MITSUBISHI ELECTRIC BUILDING,"307 ALEXANDRA ROAD, SINGAPORE 159943",Office,Platinum,1.2909899999999999,103.820786
COLD STORAGE JELITA,"293 HOLLAND ROAD, SINGAPORE 278628",Retail,None,1.3176940000000001,103.785956
,"11 KENG CHEOW STREET, SINGAPORE 059608",Office,None,1.288451,103.84406899999999
,"61 WESTERHOUT ROAD, SINGAPORE 397662",Hotel,None,1.311226,103.881037
,"96 SOMERSET ROAD, SINGAPORE 238163",Hotel,None,1.30091,103.83775200000001
,"15 MERBAU ROAD, SINGAPORE 239032",Hotel,None,1.291169,103.841986
ARIANNA HOTEL,"83 SYED ALWI ROAD, SINGAPORE 207662",Hotel,None,1.3089819999999999,103.85591600000001
ENVIRONMENT BUILDING,"40 SCOTTS ROAD, SINGAPORE 228231",Office,Platinum,1.305792,103.832414
LLOYD'S INN,"2 LLOYD ROAD, SINGAPORE 239091",Hotel,None,1.297264,103.840366
,"488 GEYLANG ROAD, SINGAPORE 389447",Hotel,None,1.3132409999999999,103.884681
MANDARIN ORCHARD SINGAPORE,"333 ORCHARD ROAD, SINGAPORE 238867",Hotel,Certified,1.302065,103.836341
TAN EAN KIAM BUILDING,"15 PHILLIP STREET, SINGAPORE 048694",Office,None,1.284498,103.849863
ORCHARD TOWERS,"400 ORCHARD ROAD, SINGAPORE 238875",Mixed Development,Certified,1.306976,103.82920899999999
BCH@301,"301 GEYLANG ROAD, SINGAPORE 389344",Office,None,1.312647,103.878529
PARKVIEW SQUARE,"600 NORTH BRIDGE ROAD, SINGAPORE 188778",Office,None,1.300165,103.857601
STUDIO M HOTEL,"3 NANSON ROAD, SINGAPORE 238910",Hotel,Gold,1.290778,103.839076
,"757 GEYLANG ROAD, SINGAPORE 389659",Hotel,None,1.31497,103.89104
FAR EAST FINANCE BUILDING,"14 ROBINSON ROAD, SINGAPORE 048545",Office,None,1.282154,103.85078299999999
BCA ACADEMY OF THE BUILT ENVIRONMENT,"200 BRADDELL ROAD, SINGAPORE 579700",Office,Platinum,1.343181,103.855812
MARINA BAY SANDS,"1 BAYFRONT AVENUE, SINGAPORE 018971",Mixed Development,Platinum,1.284615,103.860933
KATONG PLAZA,"1 BROOKE ROAD, SINGAPORE 429979",Retail,None,1.304298,103.903834
SGX CENTRE II,"4 SHENTON WAY, SINGAPORE 068807",Office,None,1.278836,103.849552
SGX CENTRE I,"2 SHENTON WAY, SINGAPORE 068804",Office,None,1.279639,103.850038
SINGAPORE SHOPPING CENTRE,"190 CLEMENCEAU AVENUE, SINGAPORE 239924",Retail,Gold,1.295865,103.843884
PALAIS RENAISSANCE,"390 ORCHARD ROAD, SINGAPORE 238871",Mixed Development,Platinum,1.3068520000000001,103.829838
,"6 RAFFLES QUAY, SINGAPORE 048580",Office,None,1.28179,103.85149
,"501 OLD CHOA CHU KANG ROAD, SINGAPORE 698928",Office,None,1.3718059999999999,103.70515400000001
,"47 PAGODA STREET, SINGAPORE 059206",Retail,None,1.283196,103.844495
RHB BANK BUILDING,"90 CECIL STREET, SINGAPORE 069531",Office,None,1.281333,103.849179
IBIS SINGAPORE NOVENA,"6 IRRAWADDY ROAD, SINGAPORE 329543",Hotel,Platinum,1.326151,103.845563
XY HOTEL BUGIS SINGAPORE,"11 JALAN KLAPA, SINGAPORE 199323",Hotel,None,1.304209,103.859687
,"2 JALAN PINANG, SINGAPORE 199150",Hotel,None,1.3027819999999999,103.85853
MAPLETREE BUSINESS CITY,"10 PASIR PANJANG ROAD, SINGAPORE 117438",Office,Platinum,1.27419,103.799872
THE HOUSE OF EDEN,"4 ROBINSON ROAD, SINGAPORE 048543",Office,None,1.2823799999999999,103.850925
ROYAL MERUKH S.E.A,"21 MERCHANT ROAD, SINGAPORE 058267",Office,None,1.289075,103.84362
WISMA ATRIA,"435 ORCHARD ROAD, SINGAPORE 238877",Retail,None,1.303821,103.83331
,"347 BALESTIER ROAD, SINGAPORE 329777",Hotel,None,1.3242909999999999,103.851039
30 BENCOOLEN,"30 BENCOOLEN STREET, SINGAPORE 189621",Hotel,None,1.298499,103.850368
SP CORNER,"202 SERANGOON ROAD, SINGAPORE 218069",Retail,None,1.3089469999999999,103.853593
SUMMER VIEW HOTEL,"173 BENCOOLEN STREET, SINGAPORE 189642",Hotel,None,1.3016590000000001,103.852238
FORUM,"583 ORCHARD ROAD, SINGAPORE 238884",Mixed Development,None,1.30617,103.829011
SHERATON TOWERS HOTEL,"39 SCOTTS ROAD, SINGAPORE 228230",Hotel,Platinum,1.311951,103.836462
HOTEL COMPASS,"36 LORONG 22 GEYLANG, SINGAPORE 398693",Hotel,None,1.311001,103.881883
QUEENSWAY SHOPPING CENTRE/QUEENSWAY TOWER,"1 QUEENSWAY, SINGAPORE 149053",Retail,None,1.287361,103.80310899999999
JUN XIN BUILDING,"402 NORTH BRIDGE ROAD, SINGAPORE 188722",Office,None,1.305373,103.864006
FU LU SHOU COMPLEX,"149 ROCHOR ROAD, SINGAPORE 188425",Retail,None,1.3017809999999999,103.854453
PEACE CENTRE,"1 SOPHIA ROAD, SINGAPORE 228149",Office,None,1.30207,103.847409
LUBRITRADE BUILDING,"408 NORTH BRIDGE ROAD, SINGAPORE 188725",Office,None,1.296574,103.85437399999999
SEACARE BUILDING,"52 CHIN SWEE ROAD, SINGAPORE 169875",Mixed Development,None,1.287716,103.839843
AXA TOWER,"8 SHENTON WAY, SINGAPORE 068811",Office,Platinum,1.275716,103.847278
,"8 INTERNATIONAL BUSINESS PARK, SINGAPORE 609925",Office,None,1.3294350000000001,103.747742
SOUTH EAST ASIA HOTEL,"190 WATERLOO STREET, SINGAPORE 187965",Hotel,None,1.301118,103.85311899999999
GOLDEN ROYAL HOTEL,"51 DESKER ROAD, SINGAPORE 209645",Hotel,None,1.309142,103.855251
,"88 SYED ALWI ROAD, SINGAPORE 207667",Hotel,None,1.30926,103.85565799999999
MOON 23 HOTEL,"23 DICKSON ROAD, SINGAPORE 209507",Hotel,None,1.305084,103.85404399999999
RELC BUILDING,"30 ORANGE GROVE ROAD, SINGAPORE 258352",Hotel,GoldPlus,1.3128389999999999,103.826032
SULTAN PLAZA,"100 JALAN SULTAN, SINGAPORE 199001",Office,None,1.302454,103.86169100000001
NEHSONS BUILDING,"24 PECK SEAH STREET, SINGAPORE 079314",Office,None,1.276173,103.844636
,"441 BALESTIER ROAD, SINGAPORE 329820",Mixed Development,None,1.320233,103.852949
WINSLAND HOUSE II,"163 PENANG ROAD, SINGAPORE 238463",Office,GoldPlus,1.298475,103.844475
WINSLAND HOUSE I,"3 KILLINEY ROAD, SINGAPORE 239519",Office,GoldPlus,1.298722,103.839171
THE CENTREPOINT,"176 ORCHARD ROAD, SINGAPORE 238843",Retail,None,1.301982,103.839826
PARK HOTEL CLARKE QUAY,"1 UNITY STREET, SINGAPORE 237983",Hotel,None,1.2915459999999999,103.842327
GRAND PARK CITY HALL,"10 COLEMAN STREET, SINGAPORE 179809",Hotel,None,1.292629,103.850124
ROBINSON 112,"112 ROBINSON ROAD, SINGAPORE 068902",Office,None,1.27934,103.848787
ANSON CENTRE,"51 ANSON ROAD, SINGAPORE 079904",Office,None,1.2744879999999998,103.845711
PACIFIC PLAZA,"9 SCOTTS ROAD, SINGAPORE 228210",Mixed Development,None,1.306538,103.832316
ORCHARD PARADE HOTEL,"1 TANGLIN ROAD, SINGAPORE 247905",Hotel,Gold,1.306575,103.82773900000001
THE ELIZABETH,"24 MOUNT ELIZABETH, SINGAPORE 228518",Hotel,None,1.308024,103.835712
SUPREME COURT BUILDING,"1 SUPREME COURT LANE, SINGAPORE 178879",Office,None,1.290314,103.851127
RIVERSIDE POINT,"30 MERCHANT ROAD, SINGAPORE 058282",Mixed Development,None,1.289032,103.844488
COLLEGE OF MEDICINE BUILDING,"16 COLLEGE ROAD, SINGAPORE 169854",Office,None,1.277785,103.831854
ISCA HOUSE,"60 CECIL STREET, SINGAPORE 049709",Office,None,1.2821930000000001,103.849661
BANK OF CHINA BUILDING,"4 BATTERY ROAD, SINGAPORE 049908",Office,None,1.285743,103.852257
BOC PLAZA,"133 MIDDLE ROAD, SINGAPORE 188974",Office,None,1.299135,103.85283199999999
,"32 LORONG 8 GEYLANG, SINGAPORE 399096",Hotel,None,1.310901,103.87697
ANN KWAY BUILDING,"265 NEW BRIDGE ROAD, SINGAPORE 088745",Office,None,1.282621,103.842336
FORTUNA HOTEL,"2 OWEN ROAD, SINGAPORE 218842",Hotel,None,1.311707,103.85495300000001
KINGLY BUILDING,"46 SOUTH BRIDGE ROAD, SINGAPORE 058679",Office,None,1.287167,103.848167
HONG LEONG BUILDING,"16 RAFFLES QUAY, SINGAPORE 048581",Office,None,1.2813379999999999,103.85091700000001
OXFORD HOTEL,"218 QUEEN STREET, SINGAPORE 188549",Hotel,None,1.297988,103.851832
WISMA ALSAGOFF,"520 NORTH BRIDGE ROAD, SINGAPORE 188742",Office,None,1.289344,103.84944300000001
THE URA CENTRE,"45 MAXWELL ROAD, SINGAPORE 069118",Office,Platinum,1.279574,103.845347
TWIN HEIGHTS,"350 BALESTIER ROAD, SINGAPORE 329779",Retail,None,1.320233,103.852949
20 COLLYER QUAY,"20 COLLYER QUAY, SINGAPORE 049319",Office,None,1.284467,103.85277099999999
CHENN LEONN BUILDING,"3 ALIWAL STREET, SINGAPORE 199896",Office,None,1.301784,103.86120600000001
CHENN LEONN BUILDING,"7 ALIWAL STREET, SINGAPORE 199900",Office,None,1.301784,103.86120600000001
CHENN LEONN BUILDING,"1 ALIWAL STREET, SINGAPORE 199894",Office,None,1.301784,103.86120600000001
CHENN LEONN BUILDING,"5 ALIWAL STREET, SINGAPORE 199898",Office,None,1.301784,103.86120600000001
ODEON TOWERS,"331 NORTH BRIDGE ROAD, SINGAPORE 188720",Office,None,1.305373,103.864006
KING'S CENTRE,"390 HAVELOCK ROAD, SINGAPORE 169662",Office,Platinum,1.288985,103.83731999999999
QUAYSIDE ISLE,"31 OCEAN WAY, SINGAPORE 098375",Retail,Platinum,1.290475,103.852036
NOVOTEL SINGAPORE CLARKE QUAY,"177A RIVER VALLEY ROAD, SINGAPORE 179031",Hotel,GoldPlus,1.291515,103.84458599999999
,"1001 UPPER SERANGOON ROAD, SINGAPORE 534739",Mixed Development,None,1.376744,103.902666
,"175A CHIN SWEE ROAD, SINGAPORE 169879",Hotel,None,1.2854379999999999,103.83839499999999
FORTUNE CENTRE,"190 MIDDLE ROAD, SINGAPORE 188979",Office,Gold,1.300276,103.852266
HOTEL SUPREME,"15 KRAMAT ROAD, SINGAPORE 228750",Hotel,None,1.301339,103.842425
,"25 TRENGGANU STREET, SINGAPORE 058476",Hotel,None,1.282568,103.844175
ROYAL ONE PHILLIP,"1 PHILLIP STREET, SINGAPORE 048692",Office,None,1.284945,103.850055
ROYAL GROUP BUILDING,"3 PHILLIP STREET, SINGAPORE 048693",Office,None,1.284713,103.849999
,"158 CECIL STREET, SINGAPORE 069545",Office,Gold,1.279811,103.848042
WILMER PLACE,"50 ARMENIAN STREET, SINGAPORE 179938",Office,None,1.294354,103.849705
MEWAH BUILDING,"5 INTERNATIONAL BUSINESS PARK, SINGAPORE 609914",Office,None,1.3294350000000001,103.747742
THE CO BUILDING,"75 HIGH STREET, SINGAPORE 179435",Office,None,1.290477,103.849339
CONCORDE SHOPPING CENTRE,"317 OUTRAM ROAD, SINGAPORE 169075",Hotel,GoldPlus,1.2890700000000002,103.834068
TANGLIN MALL,"163 TANGLIN ROAD, SINGAPORE 247933",Retail,None,1.3047870000000001,103.823368
TANGLIN PLACE,"91 TANGLIN ROAD, SINGAPORE 247918",Office,None,1.305276,103.825222
THE DAULAT,"16 MADRAS STREET, SINGAPORE 208413",Hotel,None,1.304812,103.852889
THE SIGNATURE,"51 CHANGI BUSINESS PARK CENTRAL 2, SINGAPORE 486066",Office,Gold,1.33471,103.96517
THONG TECK BUILDING,"15 SCOTTS ROAD, SINGAPORE 228218",Office,None,1.307871,103.832707
DYNASTY TRAVEL HUB,"35 NEW BRIDGE ROAD, SINGAPORE 059395",Office,None,1.288331,103.84723699999999
SOLARIS,"1 FUSIONOPOLIS WALK, SINGAPORE 138628",Office,Platinum,1.298281,103.790087
CHIN KANG BUILDING,"29 BUKIT PASOH ROAD, SINGAPORE 089843",Office,None,1.2797479999999999,103.840311
,"112 SIMS AVENUE, SINGAPORE 387436",Hotel,None,1.313923,103.877872
KHENG CHIU BUILDING,"47 BEACH ROAD, SINGAPORE 189683",Office,None,1.297453,103.856966
MALACCA CENTRE,"20 MALACCA STREET, SINGAPORE 048979",Office,None,1.283922,103.850689
BUGIS POINT,"530 NORTH BRIDGE ROAD, SINGAPORE 188747",Retail,None,1.305373,103.864006
SIM LIAN,"205 UPPER BUKIT TIMAH ROAD, SINGAPORE 588181",Office,None,1.3443889999999998,103.775093
,"191 UPPER BUKIT TIMAH ROAD, SINGAPORE 588180",Retail,None,1.370951,103.76341500000001
ORANGETEE BUILDING,"430 LORONG 6 TOA PAYOH, SINGAPORE 319402",Office,None,1.331329,103.84924699999999
AMARIS BY SANTIKA,"21 MIDDLE ROAD, SINGAPORE 188931",Hotel,None,1.296715,103.855838
TANGLIN SHOPPING CENTRE,"19 TANGLIN ROAD, SINGAPORE 247909",Mixed Development,None,1.3063040000000001,103.82686600000001
SIF BUILDING,"96 ROBINSON ROAD, SINGAPORE 068899",Office,None,1.2798180000000001,103.84915500000001
TUNG ANN ASSOCIATION BUILDING,"141 CECIL STREET, SINGAPORE 069541",Office,None,1.2792940000000002,103.84841999999999
,"18 JALAN MOLEK, SINGAPORE 399535",Hotel,None,1.311712,103.882776
MALACCA HOTEL,"97 STILL ROAD, SINGAPORE 423988",Hotel,None,1.3105360000000001,103.907815
THE GREENWICH,"1 SELETAR ROAD, SINGAPORE 807011",Retail,Certified,1.395676,103.838821
ITE COLLEGE CENTRAL,"2 ANG MO KIO DRIVE, SINGAPORE 567720",ITE,Platinum,1.290453,103.85203800000001
ITE COLLEGE EAST,"10 SIMEI AVENUE, SINGAPORE 486047",ITE,Platinum,1.3348950000000002,103.954616
THE BRITISH COUNCIL,"30 NAPIER ROAD, SINGAPORE 258509",Private School,None,1.305089,103.821457
MOUNT ELIZABETH HOSPITAL,"3 MOUNT ELIZABETH, SINGAPORE 228510",Private Hospital (Private),None,1.304425,103.835425
,"38 IRRAWADDY ROAD, SINGAPORE 329563",Private Hospital (Private),Platinum,1.322928,103.845582
COURTAULDS HOUSE,"215 UPPER BUKIT TIMAH ROAD, SINGAPORE 588184",Private School,None,1.345365,103.772906
GREAT EASTERN HOUSE,"49 BEACH ROAD, SINGAPORE 189685",Office,None,1.302726,103.864324
GREAT EASTERN @ CHANGI,"200 CHANGI ROAD, SINGAPORE 419734",Office,None,1.316929,103.903591
HOTEL CONFORTO,"16 CARPENTER STREET, SINGAPORE 059905",Hotel,None,1.288347,103.84785600000001
WANDERLUST HOTEL,"2 DICKSON ROAD, SINGAPORE 209494",Hotel,None,1.305121,103.85463
PENTA HOTEL,"33 BIRCH ROAD, SINGAPORE 219894",Hotel,None,1.311193,103.853598
SMA HOUSE,"20 ORCHARD ROAD, SINGAPORE 238830",Private School,None,1.30513,103.831701
PIXEL,"10 CENTRAL EXCHANGE GREEN, SINGAPORE 138649",Office,None,1.3013540000000001,103.790305
THE MAJESTIC,"80 EU TONG SEN STREET, SINGAPORE 059810",Retail,None,1.28646,103.84513299999999
SINGAPORE RACECOURSE,"1 TURF CLUB AVENUE, SINGAPORE 738078",Mixed Development,None,1.4162549999999998,103.764129
SECOND AVENUE JUNCTION,"733 BUKIT TIMAH ROAD, SINGAPORE 269748",Mixed Development,None,1.329813,103.799488
HARBOUR VILLE,"512 KAMPONG BAHRU ROAD, SINGAPORE 099448",Hotel,None,1.272614,103.827745
KING'S ARCADE,"559 BUKIT TIMAH ROAD, SINGAPORE 269695",Office,None,1.323217,103.81078000000001
ROXY SQUARE,"50 EAST COAST ROAD, SINGAPORE 428769",Retail,None,1.303117,103.9046
SPA BUILDING,"5 VERDUN ROAD, SINGAPORE 207274",Office,None,1.310091,103.856189
TAI WAH BUILDING,"110 KILLINEY ROAD, SINGAPORE 239549",Retail,None,1.298722,103.839171
QINAN BUILDING,"153 TYRWHITT ROAD, SINGAPORE 207566",Office,None,1.310868,103.859668
,"3 JALAN KUBOR, SINGAPORE 199201",Hotel,None,1.303679,103.859284
BLISS HOTEL,"62 UPPER CROSS STREET, SINGAPORE 058353",Hotel,None,1.284458,103.84430400000001
,"30 PENHAS ROAD, SINGAPORE 208188",Mixed Development,None,1.309741,103.86332900000001
FURAMA CITY CENTRE SINGAPORE,"60 EU TONG SEN STREET, SINGAPORE 059804",Hotel,Platinum,1.2865540000000002,103.844623
OUE BAYFRONT,"50 COLLYER QUAY, SINGAPORE 049321",Office,Gold,1.2827870000000001,103.853004
,"134 JALAN BESAR, SINGAPORE 208852",Hotel,None,1.306686,103.856401
HIGHLAND CENTRE,"22 YIO CHU KANG ROAD, SINGAPORE 545535",Retail,None,1.390526,103.845189
LEE KAI HOUSE,"114 MIDDLE ROAD, SINGAPORE 188971",Office,None,1.2991,103.853525
GRAND HYATT SINGAPORE,"10 SCOTTS ROAD, SINGAPORE 228211",Hotel,None,1.306345,103.833283
PORCELAIN HOTEL,"48 MOSQUE STREET, SINGAPORE 059526",Hotel,None,1.28424,103.844286
SAMSUNG HUB,"3 CHURCH STREET, SINGAPORE 049483",Office,GoldPlus,1.283208,103.85036099999999
SINGAPORE NATIONAL EYE CENTRE,"11 THIRD HOSPITAL AVENUE, SINGAPORE 168751",Specialist Centre (Public),None,1.280913,103.835993
ION ORCHARD,"2 ORCHARD TURN, SINGAPORE 238801",Retail,Gold,1.304324,103.83166800000001
ST. REGIS HOTEL SINGAPORE,"29 TANGLIN ROAD, SINGAPORE 247911",Hotel,GoldPlus,1.305662,103.826054
NGEE ANN CITY,"391A ORCHARD ROAD, SINGAPORE 238873",Mixed Development,Platinum,1.30513,103.831701
STAMFORD COURT,"61 STAMFORD ROAD, SINGAPORE 178892",Office,None,1.29443,103.85024
,"2 JALAN SEH CHUAN, SINGAPORE 598417",Private School,None,1.3409799999999998,103.77458399999999
,"58 LOWLAND ROAD, SINGAPORE 547453",Private School,None,1.3620709999999998,103.882202
STARDUS CLUBHOUSE,"277 RIVER VALLEY ROAD, SINGAPORE 238318",Private School,None,1.295441,103.840601
COMMAND HOUSE,"17 KHEAM HOCK ROAD, SINGAPORE 298791",Private School,None,1.322318,103.819788
HOLIDAY INN EXPRESS SINGAPORE CLARKE QUAY,"2 MAGAZINE ROAD, SINGAPORE 059573",Hotel,Platinum,1.288833,103.84184300000001
THE CRIMSON,"31 SCIENCE PARK ROAD, SINGAPORE 117611",Office,None,1.288274,103.78210200000001
SCOTTS SQUARE,"6 SCOTTS ROAD, SINGAPORE 228209",Retail,None,1.30558,103.833224
CITY HOUSE,"36 ROBINSON ROAD, SINGAPORE 068877",Office,Platinum,1.281233,103.849773
SHANGRI-LA HOTEL,"22 ORANGE GROVE ROAD, SINGAPORE 258350",Hotel,Gold,1.311352,103.826629
ITE COLLEGE WEST,"1 CHOA CHU KANG GROVE, SINGAPORE 688236",ITE,Platinum,1.3771360000000001,103.751746
OCBC CENTRE,"65 CHULIA STREET, SINGAPORE 049513",Office,Gold,1.285033,103.84907700000001
,"63 CHULIA STREET, SINGAPORE 049514",Office,Gold,1.284934,103.84975899999999
OCBC CENTRE SOUTH,"18 CHURCH STREET, SINGAPORE 049479",Office,Gold,1.2838,103.849686
,"149 SIMS DRIVE, SINGAPORE 387380",Private College,None,1.315345,103.875788
TAMPINES POLYCLINIC,"1 TAMPINES STREET 41, SINGAPORE 529203",Polyclinic,Gold,1.3572799999999998,103.94586
TMC ACADEMY,"250 MIDDLE ROAD, SINGAPORE 188983",Private School,None,1.300502,103.851708
YISHUN 10 CINEMA COMPLEX,"51 YISHUN CENTRAL 1, SINGAPORE 768794",Retail,None,1.4300190000000002,103.836235
,"1010 DOVER ROAD, SINGAPORE 139658",Polytechnic,None,1.308846,103.774045
,"41 SUNSET WAY, SINGAPORE 597071",Mixed Development,None,1.3272959999999998,103.764979
DAS SPEKTRUM@CBP,"9 CHANGI BUSINESS PARK VISTA, SINGAPORE 486041",Office,Platinum,1.338526,103.964807
INFINITE STUDIOS,"21 MEDIA CIRCLE, SINGAPORE 138562",Office,GoldPlus,1.292804,103.793377
THE SULTAN,"101 JALAN SULTAN, SINGAPORE 199002",Hotel,None,1.3032629999999998,103.860977
MACPHERSON MALL,"401 MACPHERSON ROAD, SINGAPORE 368125",Mixed Development,Certified,1.3317709999999998,103.879295
,"1 JURONG EAST STREET 21, SINGAPORE 609606",General Hospital/ Specialist Centre (Public),Platinum,1.334593,103.744264
,"79 ANSON ROAD, SINGAPORE 079906",Office,None,1.274148,103.845608
CIVIL SERVICE COLLEGE,"31 NORTH BUONA VISTA ROAD, SINGAPORE 275983",Office,None,1.3098040000000002,103.79190799999999
TAN TOCK SENG HOSPITAL,"11 JALAN TAN TOCK SENG, SINGAPORE 308433",General Hospital/ Specialist Centre (Public),Platinum,1.3217,103.84597
YEN SAN BUILDING,"268 ORCHARD ROAD, SINGAPORE 238856",Retail,None,1.302748,103.83681999999999
THE METROPOLIS,"9 NORTH BUONA VISTA DRIVE, SINGAPORE 138588",Office,Platinum,1.3059610000000001,103.791285
STANDARD CHARTERED @ CHANGI 2,"9 CHANGI BUSINESS PARK CRESCENT, SINGAPORE 486005",Office,Gold,1.336602,103.968423
STANDARD CHARTERED @ CHANGI,"7 CHANGI BUSINESS PARK CRESCENT, SINGAPORE 486028",Office,Platinum,1.332773,103.965666
COMCENTRE,"31 EXETER ROAD, SINGAPORE 239732",Office,None,1.298925,103.838149
PICKERING OPERATION CENTRE,"20 PICKERING STREET, SINGAPORE 048658",Office,None,1.285176,103.84818
HOTEL ROYAL,"36 NEWTON ROAD, SINGAPORE 307964",Hotel,None,1.3168309999999999,103.84186
MARRISON HOTEL,"103 BEACH ROAD, SINGAPORE 189704",Hotel,None,1.297891,103.857088
SERANGOON BUILDING,"291 SERANGOON ROAD, SINGAPORE 218107",Mixed Development,None,1.307144,103.852195
ERH BUILDING,"110 ROBINSON ROAD, SINGAPORE 068901",Office,None,1.279483,103.848922
MYP CENTRE,"9 BATTERY ROAD, SINGAPORE 049910",Office,Gold,1.285066,103.85252
WAVELINK BUILDING,"75 JELLICOE ROAD, SINGAPORE 208738",Office,None,1.307856,103.862176
AMARA SINGAPORE,"165 TANJONG PAGAR ROAD, SINGAPORE 088539",Mixed Development,None,1.2749409999999999,103.843657
ANG MO KIO COMMUNITY HOSPITAL,"17 ANG MO KIO AVENUE 9, SINGAPORE 569766",Community Hospital,Gold,1.383731,103.84114699999999
THE PLAZA,"7500A BEACH ROAD, SINGAPORE 199591",Mixed Development,Gold,1.299448,103.860095
,"26A AYER RAJAH CRESCENT, SINGAPORE 139963",Office,Platinum,1.296357,103.789068
KATONG POINT,"451 JOO CHIAT ROAD, SINGAPORE 427664",Retail,Certified,1.3085639999999998,103.903037
SEAGATE SINGAPORE DESIGN CENTER - THE SHUGART,"26 AYER RAJAH CRESCENT, SINGAPORE 139944",Office,Platinum,1.296357,103.789068
,"10 INTERNATIONAL BUSINESS PARK, SINGAPORE 609928",Office,None,1.3294350000000001,103.747742
MIWORLD,"9 INTERNATIONAL BUSINESS PARK, SINGAPORE 609915",Office,Certified,1.3294350000000001,103.747742
FM BUILDING,"51 MIDDLE ROAD, SINGAPORE 188959",Private School,None,1.297217,103.85521700000001
LIBERTY HOUSE,"51 CLUB STREET, SINGAPORE 069428",Office,None,1.282023,103.846017
CARLTON HOTEL,"76 BRAS BASAH ROAD, SINGAPORE 189558",Hotel,None,1.295927,103.852519
ORCHID HOTEL,"1 TRAS LINK, SINGAPORE 078867",Hotel,None,1.276945,103.844114
,"22 CAVENAGH ROAD, SINGAPORE 229617",Hotel,Certified,1.301294,103.841768
HOTEL CHANCELLOR @ ORCHARD,"28 CAVENAGH ROAD, SINGAPORE 229635",Hotel,Certified,1.30146,103.841932
PARKROYAL ON PICKERING,"3 UPPER PICKERING STREET, SINGAPORE 058289",Hotel,Platinum,1.285639,103.84629
TAMAN JURONG SHOPPING CENTRE,"399 YUNG SHENG ROAD, SINGAPORE 610399",Retail,Gold,1.334493,103.72076899999999
SHAW TOWERS,"100 BEACH ROAD, SINGAPORE 189702",Office,None,1.296509,103.85659
HEALTH PROMOTION BOARD,"3 SECOND HOSPITAL AVENUE, SINGAPORE 168937",Office,Platinum,1.279574,103.838723
WESTGATE TOWER,"1 GATEWAY DRIVE, SINGAPORE 608531",Retail,Platinum,1.33459,103.74301700000001
,"11 SCIENCE PARK ROAD, SINGAPORE 117685",Private School,None,1.288024,103.78144
BENDEMEER VILLE,"27 BENDEMEER ROAD, SINGAPORE 330027",Retail,None,1.318846,103.862797
WOH HUP BUILDING,"217 UPPER BUKIT TIMAH ROAD, SINGAPORE 588185",Office,Platinum,1.345648,103.772498
NEUROS,"8 BIOMEDICAL GROVE, SINGAPORE 138665",Office,None,1.302398,103.793252
CINTECH II BUILDING,"75 SCIENCE PARK DRIVE, SINGAPORE 118255",Office,None,1.290338,103.790053
OASIS,"87 SCIENCE PARK DRIVE, SINGAPORE 118260",Retail,None,1.2877049999999999,103.790378
THE RUTHERFORD,"89 SCIENCE PARK DRIVE, SINGAPORE 118261",Office,None,1.2907030000000002,103.78580699999999
NEXUS @ONE-NORTH,"3 FUSIONOPOLIS LINK, SINGAPORE 138543",Office,Platinum,1.298781,103.789364
THE MENDEL,"12 SCIENCE PARK DRIVE, SINGAPORE 118225",Office,GoldPlus,1.2907030000000002,103.78580699999999
THE QUADRANT AT CECIL,"19 CECIL STREET, SINGAPORE 049704",Office,None,1.282464,103.850543
THOMSON PLAZA,"301 UPPER THOMSON ROAD, SINGAPORE 574408",Retail,None,1.355292,103.831014
RIVERVALE MALL,"11 RIVERVALE CRESCENT, SINGAPORE 545082",Retail,None,1.392169,103.904515
SINGAPORE UNIVERSITY OF TECHNOLOGY AND DESIGN,"8 SOMAPAH ROAD, SINGAPORE 487372",Univerisity,Platinum,1.341603,103.964363
MAS BUILDING,"10 SHENTON WAY, SINGAPORE 079117",Office,Platinum,1.274694,103.846677
CURRENCY HOUSE,"109 PASIR PANJANG ROAD, SINGAPORE 118536",Office,None,1.275655,103.794085
TEMPCO TECHNOMINIUM,"16 AYER RAJAH CRESCENT, SINGAPORE 139965",Office,None,1.295626,103.78879599999999
ONE MARINA BOULEVARD,"1 MARINA BOULEVARD, SINGAPORE 018989",Office,None,1.282255,103.85269699999999
,"11 MACKENZIE ROAD, SINGAPORE 228675",Hotel,None,1.3043690000000001,103.849908
GUTHRIE HOUSE,"1 FIFTH AVENUE, SINGAPORE 268802",Office,None,1.3306069999999999,103.795827
TAMPINES PLAZA,"5 TAMPINES CENTRAL 1, SINGAPORE 529541",Office,None,1.35317,103.942798
ABACUS PLAZA,"3 TAMPINES CENTRAL 1, SINGAPORE 529540",Office,None,1.3527049999999998,103.943021
HEALTH SCIENCES AUTHORITY BUILDING,"11 OUTRAM ROAD, SINGAPORE 169078",Office,GoldPlus,1.284625,103.835111
LUCKY CHINATOWN,"211 NEW BRIDGE ROAD, SINGAPORE 059432",Retail,None,1.283909,103.843428
,"92 TELOK AYER STREET, SINGAPORE 048472",Retail,None,1.278727,103.846885
SKY LINE BUILDING,"192 WATERLOO STREET, SINGAPORE 187966",Office,None,1.299936,103.852451
,"37 CARPENTER STREET, SINGAPORE 059916",Office,None,1.287934,103.847803
MYVILLAGE AT SERANGOON GARDEN,"1 MAJU AVENUE, SINGAPORE 556679",Retail,None,1.327121,103.775904
7 WONDERS HOSTEL,"257 JALAN BESAR, SINGAPORE 208930",Hotel,None,1.310136,103.858215
BUGIS CUBE,"470 NORTH BRIDGE ROAD, SINGAPORE 188735",Retail,None,1.305373,103.864006
KATONG SQUARE,"86 EAST COAST ROAD, SINGAPORE 428788",Hotel,Platinum,1.3051,103.904333
AMK HUB,"53 ANG MO KIO AVENUE 3, SINGAPORE 569933",Retail,None,1.369435,103.848334
,"71 ROBINSON ROAD, SINGAPORE 068895",Office,Gold,1.278375,103.848796
SPI CENTRE,"59 NEW BRIDGE ROAD, SINGAPORE 059405",Office,None,1.287999,103.84689300000001
AMBASSADE DE FRANCE A SINGAPOUR,"101 CLUNY PARK ROAD, SINGAPORE 259594",Office,None,1.322234,103.814258
ROBINSON SQUARE,"144 ROBINSON ROAD, SINGAPORE 068908",Office,Certified,1.2782639999999998,103.848173
,"77 GEYLANG ROAD, SINGAPORE 389197",Hotel,None,1.311697,103.875601
,"12 PERAK ROAD, SINGAPORE 208133",Hotel,None,1.304838,103.853247
FUJI XEROX TOWERS,"80 ANSON ROAD, SINGAPORE 079907",Office,Platinum,1.27306,103.843644
THE GEMINI,"41 SCIENCE PARK ROAD, SINGAPORE 117610",Office,None,1.288024,103.78144
THE ARIES,"51 SCIENCE PARK ROAD, SINGAPORE 117586",Office,None,1.288024,103.78144
THE KENDALL,"50 SCIENCE PARK ROAD, SINGAPORE 117406",Office,None,1.288024,103.78144
THE GALEN,"61 SCIENCE PARK ROAD, SINGAPORE 117525",Retail,None,1.288101,103.78148
THE ALPHA,"10 SCIENCE PARK ROAD, SINGAPORE 117684",Office,None,1.288067,103.78009200000001
THE CAPRICORN,"1 SCIENCE PARK ROAD, SINGAPORE 117528",Office,None,1.288024,103.78144
SPARKLE,"45 SCIENCE PARK ROAD, SINGAPORE 117407",Retail,None,1.288024,103.78144
ORCHARD GATEWAY,"277 ORCHARD ROAD, SINGAPORE 238858",Mixed Development,Platinum,1.300657,103.838883
BOON LIEW BUILDING,"204 BUKIT TIMAH ROAD, SINGAPORE 229863",Office,None,1.3119450000000001,103.84195
AKZONOBEL HOUSE,"3 CHANGI BUSINESS PARK VISTA, SINGAPORE 486051",Office,None,1.3368389999999999,103.967415
HONEYWELL BUILDING,"17 CHANGI BUSINESS PARK CENTRAL 1, SINGAPORE 486073",Office,None,1.337097,103.965692
PLAZA 8 @ CBP,"1 CHANGI BUSINESS PARK CRESCENT, SINGAPORE 486025",Office,None,1.33351,103.96557800000001
ONE @ CHANGI CITY,"1 CHANGI BUSINESS PARK CENTRAL 1, SINGAPORE 486036",Office,GoldPlus,1.333975,103.964789
HANSAPOINT@CBP,"10 CHANGI BUSINESS PARK CENTRAL 2, SINGAPORE 486030",Office,None,1.335456,103.966614
,"1 CHANGI BUSINESS PARK AVENUE 1, SINGAPORE 486058",Office,None,1.336538,103.963077
MANHATTAN HOUSE,"151 CHIN SWEE ROAD, SINGAPORE 169876",Office,None,1.2870549999999998,103.84079399999999
LAND TRANSPORT AUTHORITY,"1 HAMPSHIRE ROAD, SINGAPORE 219428",Office,None,1.308429,103.850817
LAND TRANSPORT AUTHORITY,"10 SIN MING DRIVE, SINGAPORE 575701",Office,Platinum,1.356532,103.83678499999999
ITS CENTRE,"181 RIVER VALLEY ROAD, SINGAPORE 179034",Office,None,1.295671,103.837298
MRTC HEADQUARTERS,"251 NORTH BRIDGE ROAD, SINGAPORE 179102",Office,None,1.305373,103.864006
VICTORIA HOTEL,"87 VICTORIA STREET, SINGAPORE 188016",Hotel,None,1.297089,103.852402
BEACH CENTRE,"15 BEACH ROAD, SINGAPORE 189677",Office,Platinum,1.303373,103.863224
ICON@CHANGI,"228 CHANGI ROAD, SINGAPORE 419741",Office,None,1.316481,103.899281
FOUR ACRES SINGAPORE,"6 NEPAL PARK, SINGAPORE 139395",Private School,GoldPlus,1.301215,103.788446
,"29 HENG MUI KENG TERRACE, SINGAPORE 119620",Private School,None,1.2920040000000002,103.773909
HOTEL YAN,"162 TYRWHITT ROAD, SINGAPORE 207581",Hotel,None,1.310868,103.859668
GOLDEN MILE COMPLEX,"5001 BEACH ROAD, SINGAPORE 199588",Retail,None,1.302842,103.86531
,"1A INTERNATIONAL BUSINESS PARK, SINGAPORE 609933",Office,Gold,1.3294350000000001,103.747742
NANYANG POLYTECHNIC,"180 ANG MO KIO AVENUE 8, SINGAPORE 569830",Polytechnic,Platinum,1.380099,103.849099
ORCHARD HOTEL SINGAPORE,"442 ORCHARD ROAD, SINGAPORE 238879",Hotel,Gold,1.307669,103.828164
GRAND COPTHORNE WATERFRONT,"392 HAVELOCK ROAD, SINGAPORE 169663",Hotel,Platinum,1.290508,103.834998
HOTEL GRAND PACIFIC,"101 VICTORIA STREET, SINGAPORE 188018",Hotel,None,1.297294,103.85260799999999
,"322 LAVENDER STREET, SINGAPORE 338821",Hotel,None,1.31564,103.85942800000001
MONI GALLERY HOSTEL,"263 LAVENDER STREET, SINGAPORE 338795",Hotel,None,1.315442,103.85898900000001
THE HIVE,"624 SERANGOON ROAD, SINGAPORE 218223",Hotel,None,1.315717,103.858786
AQUEEN - JALAN BESAR HOTEL,"230 JALAN BESAR, SINGAPORE 208906",Hotel,None,1.3093110000000001,103.858086
AQUEEN HOTEL - LAVENDER,"139 LAVENDER STREET, SINGAPORE 338739",Hotel,None,1.312349,103.86121899999999
AQUEEN HOTEL - PAYA LEBAR,"33 JALAN AFIFI, SINGAPORE 409180",Hotel,None,1.322067,103.891535
,"387 BALESTIER ROAD, SINGAPORE 329795",Hotel,None,1.325277,103.849963
THE NOBLE HOTEL,"407 JALAN BESAR, SINGAPORE 209012",Hotel,None,1.3137969999999999,103.859776
,"985 UPPER SERANGOON ROAD, SINGAPORE 534731",Retail,None,1.376744,103.902666
JOYFOR SINGAPORE,"135 GEYLANG ROAD, SINGAPORE 389226",Hotel,None,1.311183,103.87396
,"1 PASIR RIS CENTRAL STREET 3, SINGAPORE 518457",Retail,Platinum,1.37255,103.94970699999999
TIONG BAHRU PLAZA,"302 TIONG BAHRU ROAD, SINGAPORE 168732",Retail,Platinum,1.286355,103.827803
CENTURY SQUARE,"2 TAMPINES CENTRAL 5, SINGAPORE 529509",Retail,Gold,1.3524399999999999,103.94381
TAMPINES ONE,"10 TAMPINES CENTRAL 1, SINGAPORE 529536",Retail,GoldPlus,1.3541530000000002,103.945084
LIANG COURT,"177 RIVER VALLEY ROAD, SINGAPORE 179030",Retail,None,1.291632,103.844645
NTUC HEALTH NURSING HOME (JURONG WEST),"50 JURONG WEST STREET 93, SINGAPORE 648967",Nursing Home,Certified,1.3408950000000002,103.69116
,"5 POH HUAT ROAD, SINGAPORE 546703",Nursing Home,None,1.3664969999999999,103.88231
,"551 YISHUN RING ROAD, SINGAPORE 768681",Nursing Home,None,1.4176440000000001,103.834711
,"11 TAMPINES STREET 44, SINGAPORE 529123",Nursing Home,None,1.360845,103.95410799999999
BRIGHT VISION HOSPITAL,"5 LORONG NAPIRI, SINGAPORE 547530",Community Hospital,None,1.290475,103.852036
ASIA SQUARE TOWER 1,"8 MARINA VIEW, SINGAPORE 018960",Office,Platinum,1.279347,103.851252
ASIA SQUARE TOWER 2,"12 MARINA VIEW, SINGAPORE 018961",Office,Platinum,1.2783069999999999,103.85079499999999
LIONS HOME FOR THE ELDERS (BISHAN),"9 BISHAN STREET 13, SINGAPORE 579804",Nursing Home,None,1.290475,103.852036
,"70 BIOPOLIS STREET, SINGAPORE 138547",Office,Gold,1.302983,103.791892
VIVA BUSINESS PARK,"750 CHAI CHEE ROAD, SINGAPORE 469000",Office,Certified,1.323874,103.92186
PARK AVENUE CHANGI,"2 CHANGI BUSINESS PARK AVENUE 1, SINGAPORE 486015",Office,GoldPlus,1.336553,103.963622
,"18 NAPIER ROAD, SINGAPORE 258510",Office,Platinum,1.306395,103.81956600000001
POLICE CANTONMENT COMPLEX,"391 NEW BRIDGE ROAD, SINGAPORE 088762",Office,None,1.278516,103.839117
,"8 LORONG 10 GEYLANG, SINGAPORE 399041",Hotel,None,1.3115860000000001,103.87746
MAYBANK TOWER,"2 BATTERY ROAD, SINGAPORE 049907",Office,None,1.285907,103.85254
LAVENDER PLACE,"161 LAVENDER STREET, SINGAPORE 338750",Office,None,1.312619,103.861144
MANULIFE CENTRE,"51 BRAS BASAH ROAD, SINGAPORE 189554",Office,Platinum,1.295244,103.852985
NATIONAL SKIN CENTRE,"1 MANDALAY ROAD, SINGAPORE 308205",Specialist Centre (Public),None,1.32428,103.85011300000001
M HOTEL,"81 ANSON ROAD, SINGAPORE 079908",Hotel,GoldPlus,1.273699,103.845076
CRU CENTRE,"18 VERDUN ROAD, SINGAPORE 207280",Office,None,1.310091,103.856189
85 BEACH GARDEN HOTEL,"85 BEACH ROAD, SINGAPORE 189694",Hotel,None,1.297317,103.856569
896 DUNEARN,"896 DUNEARN ROAD, SINGAPORE 589472",Office,None,1.334678,103.78747299999999
ROBINSON POINT,"39 ROBINSON ROAD, SINGAPORE 068911",Office,Certified,1.2796049999999999,103.849559
JURONG STADIUM,"10 FOURTH CHIN BEE ROAD, SINGAPORE 619707",Office,None,1.3308440000000001,103.71865
,"21 JURONG EAST STREET 31, SINGAPORE 609517",Office,None,1.345885,103.730367
TANJONG PAGAR CENTRE,"7 WALLICH STREET, SINGAPORE 078884",Office,Platinum,1.277735,103.84627900000001
MANULIFE TOWER,"8 CROSS STREET, SINGAPORE 048424",Office,None,1.28229,103.848765
WOODLANDS CIVIC CENTRE,"900 SOUTH WOODLANDS DRIVE, SINGAPORE 730900",Office,Platinum,1.434907,103.787193
CHOA CHU KANG CENTRE,"309 CHOA CHU KANG AVENUE 4, SINGAPORE 680309",Office,None,1.384963,103.745559
,"101 DUNLOP STREET, SINGAPORE 209420",Hotel,None,1.305323,103.85307900000001
OCEAN FINANCIAL CENTRE,"10 COLLYER QUAY, SINGAPORE 049315",Office,Platinum,1.28321,103.85220699999999
STATE COURTS,"1 HAVELOCK SQUARE, SINGAPORE 059724",Office,None,1.286569,103.84413599999999
SERENE CENTRE,"10 JALAN SERENE, SINGAPORE 258748",Retail,None,1.3225069999999999,103.813661
W SINGAPORE SENTOSA COVE HOTEL,"21 OCEAN WAY, SINGAPORE 098374",Hotel,Platinum,1.290475,103.852036
KEPPEL TOWERS,"10 HOE CHIANG ROAD, SINGAPORE 089315",Office,None,1.274397,103.842157
PRUDENTIAL TOWER,"30 CECIL STREET, SINGAPORE 049712",Office,GoldPlus,1.282843,103.849928
ORCHARD CENTRAL,"181 ORCHARD ROAD, SINGAPORE 238896",Retail,None,1.300923,103.839365
ACER BUILDING,"29 INTERNATIONAL BUSINESS PARK, SINGAPORE 609923",Office,None,1.3294350000000001,103.747742
TECHQUEST,"7 INTERNATIONAL BUSINESS PARK, SINGAPORE 609919",Office,None,1.329366,103.74783599999999
IQUEST@IBP,"27 INTERNATIONAL BUSINESS PARK, SINGAPORE 609924",Office,None,1.3294350000000001,103.747742
FAMILY JUSTICE COURTS,"3 HAVELOCK SQUARE, SINGAPORE 059725",Office,None,1.286569,103.84413599999999
MSF BUILDING,"512 THOMSON ROAD, SINGAPORE 298136",Office,None,1.314063,103.845663
SLF BUILDING,"510 THOMSON ROAD, SINGAPORE 298135",Office,None,1.314063,103.845663
HAVELOCK2,"2 HAVELOCK ROAD, SINGAPORE 059763",Retail,None,1.288985,103.83731999999999
JURONG POINT,"1 JURONG WEST CENTRAL 2, SINGAPORE 648886",Retail,Gold,1.3400940000000001,103.706284
LEISURE PARK KALLANG,"5 STADIUM WALK, SINGAPORE 397693",Retail,None,1.300834,103.87727
THE SCARLET HOTEL,"33 ERSKINE ROAD, SINGAPORE 069333",Hotel,None,1.2808,103.845339
HDB CENTRE OF BUILDING RESEARCH,"10 WOODLANDS AVENUE 8, SINGAPORE 738973",Office,Platinum,1.450715,103.802819
NOVENA SQUARE,"238 THOMSON ROAD, SINGAPORE 307683",Office,GoldPlus,1.314063,103.845663
CHANGI CITY POINT,"5 CHANGI BUSINESS PARK CENTRAL 1, SINGAPORE 486038",Retail,GoldPlus,1.334265,103.962919
THE ODEON KATONG,"11 EAST COAST ROAD, SINGAPORE 428722",Retail,None,1.308468,103.910027
VISTA POINT,"548 WOODLANDS DRIVE 44, SINGAPORE 730548",Retail,Gold,1.431425,103.79446899999999
JOO CHIAT COMPLEX,"1 JOO CHIAT ROAD, SINGAPORE 420001",Retail,Platinum,1.3130600000000001,103.899782
NEW PHOENIX PARK,"28 IRRAWADDY ROAD, SINGAPORE 329560",Office,None,1.322928,103.845582
EASTGATE,"46 EAST COAST ROAD, SINGAPORE 428766",Office,None,1.304363,103.903351
,"120 ROBINSON ROAD, SINGAPORE 068913",Office,None,1.279085,103.848642
,"22 MARTIN ROAD, SINGAPORE 239058",Office,None,1.292035,103.837591
THE REGENT SINGAPORE,"1 CUSCADEN ROAD, SINGAPORE 249715",Hotel,GoldPlus,1.304624,103.824849
,"151 BENCOOLEN STREET, SINGAPORE 189656",Private College,Platinum,1.301588,103.852588
,"38 BENCOOLEN STREET, SINGAPORE 189654",Private College,None,1.2992700000000001,103.851052
,"80 BENCOOLEN STREET, SINGAPORE 189655",Private College,Gold,1.301588,103.852588
LEX HOTEL (LORONG 8),"1 LORONG 8 GEYLANG, SINGAPORE 399073",Hotel,None,1.311811,103.87716400000001
,"50 CAMPBELL LANE, SINGAPORE 209922",Hotel,None,1.304997,103.852666
BEDOK POINT,"799 NEW UPPER CHANGI ROAD, SINGAPORE 467351",Retail,Gold,1.3284989999999999,103.949578
ORCHARD BUILDING,"1 GRANGE ROAD, SINGAPORE 239693",Office,Gold,1.301596,103.83744200000001
,"1 AVIATION DRIVE, SINGAPORE 499867",Office,Platinum,1.387893,103.989307
,"205 JALAN KAYU, SINGAPORE 799436",Nursing Home,None,1.304765,103.83499599999999
LIAT TOWERS,"541 ORCHARD ROAD, SINGAPORE 238881",Mixed Development,None,1.305101,103.83077800000001
MAJLIS UGAMA ISLAM SINGAPURA,"273 BRADDELL ROAD, SINGAPORE 579702",Office,None,1.343181,103.855812
SHANGRI-LA'S RASA SENTOSA RESORT & SPA,"101 SILOSO ROAD, SINGAPORE 098970",Hotel,None,1.257357,103.81039100000001
MARITIME HOUSE,"120 CANTONMENT ROAD, SINGAPORE 089760",Office,None,1.2765469999999999,103.84036
PARKROYAL ON KITCHENER ROAD,"181 KITCHENER ROAD, SINGAPORE 208533",Hotel,Platinum,1.310625,103.855623
CAPRI BY FRASER CHANGI CITY,"3 CHANGI BUSINESS PARK CENTRAL 1, SINGAPORE 486037",Hotel,GoldPlus,1.334266,103.963584
GOODWOOD PARK HOTEL,"16 SCOTTS ROAD, SINGAPORE 228221",Hotel,None,1.310109,103.83443199999999
ALEXANDRA CENTRAL,"321 ALEXANDRA ROAD, SINGAPORE 159971",Retail,Certified,1.287461,103.80510699999999
MOUNT ALVERNIA HOSPITAL,"820 THOMSON ROAD, SINGAPORE 574623",Private Hospital (Private),Certified,1.342487,103.838459
,"38 UPPER CROSS STREET, SINGAPORE 058341",Hotel,None,1.284154,103.844863
GRANTRAL MALL @ CLEMENTI,"3151 COMMONWEALTH AVENUE WEST, SINGAPORE 129581",Retail,None,1.31445,103.765125
,"51 IMBIAH WALK, SINGAPORE 099538",Hotel,None,1.254987,103.8145
UNITED WORLD COLLEGE OF SOUTHEAST ASIA,"1207 DOVER ROAD, SINGAPORE 139654",Private School,Platinum,1.308846,103.774045
,"1 TAMPINES STREET 73, SINGAPORE 528704",Private College,Platinum,1.358622,103.931478
"OASIA HOTEL NOVENA, SINGAPORE","8 SINARAN DRIVE, SINGAPORE 307470",Hotel,None,1.32003,103.844782
NUCLEOS,"21 BIOPOLIS ROAD, SINGAPORE 138567",Office,Gold,1.301793,103.79240300000001
ROBERTSON WALK,"11 UNITY STREET, SINGAPORE 237995",Hotel,None,1.291665,103.84174
REPUBLIC POLYTECHNIC,"9 WOODLANDS AVENUE 9, SINGAPORE 738964",Polytechnic,Platinum,1.442324,103.78564
SINGAPORE EXPO,"1 EXPO DRIVE, SINGAPORE 486150",Retail,None,1.334308,103.95925799999999
SWIBER@IBP,"12 INTERNATIONAL BUSINESS PARK, SINGAPORE 609920",Office,None,1.3294350000000001,103.747742
MOUNTBATTEN CENTRE,"231 MOUNTBATTEN ROAD, SINGAPORE 397999",Private School,None,1.3006950000000002,103.88799399999999
CROWN AT ROBINSON,"140 ROBINSON ROAD, SINGAPORE 068907",Office,None,1.278409,103.848254
ARTON HOTEL,"176 TYRWHITT ROAD, SINGAPORE 207576",Hotel,None,1.3119999999999998,103.86085600000001
NTUC HEALTH NURSING HOME (CHAI CHEE),"35 CHAI CHEE STREET, SINGAPORE 468984",Nursing Home,Platinum,1.327705,103.91929
ST. ANDREW'S NURSING HOME (HENDERSON),"303 HENDERSON ROAD, SINGAPORE 108925",Nursing Home,Certified,1.273208,103.812885
SULTAN-LINK,"57 MOHAMED SULTAN ROAD, SINGAPORE 238997",Office,Certified,1.291168,103.839365
SULTAN-LINK,"55 MOHAMED SULTAN ROAD, SINGAPORE 238995",Office,Certified,1.291588,103.83975
SULTAN-LINK,"63 MOHAMED SULTAN ROAD, SINGAPORE 239002",Office,Certified,1.291168,103.839365
SULTAN-LINK,"61 MOHAMED SULTAN ROAD, SINGAPORE 239001",Office,Certified,1.291168,103.839365
SULTAN-LINK,"59 MOHAMED SULTAN ROAD, SINGAPORE 238999",Office,Certified,1.291168,103.839365
SULTAN-LINK,"53 MOHAMED SULTAN ROAD, SINGAPORE 238993",Office,Certified,1.291168,103.839365
ACADEMIA,"20 COLLEGE ROAD, SINGAPORE 169856",General Hospital/ Specialist Centre (Public),None,1.277785,103.831854
SOOKEE HQ,"7 CHANGI BUSINESS PARK VISTA, SINGAPORE 486042",Office,None,1.3382450000000001,103.965225
,"510 DOVER ROAD, SINGAPORE 139660",Univerisity,Platinum,1.307783,103.777842
ASSISI HOSPICE,"832 THOMSON ROAD, SINGAPORE 574627",Nursing Home,Platinum,1.314063,103.845663
,"51 SCOTTS ROAD, SINGAPORE 228241",Office,None,1.305792,103.832414
,"20 EVANS ROAD, SINGAPORE 259365",Univerisity,None,1.321747,103.82129599999999
THONG CHAI BUILDING,"50 CHIN SWEE ROAD, SINGAPORE 169874",Private Clinic,None,1.2875889999999999,103.840276
MEADOWS HOSTEL,"7 HAMILTON ROAD, SINGAPORE 209178",Hotel,None,1.311743,103.861527
RAFFLES HOLLAND V,"118 HOLLAND AVENUE, SINGAPORE 278997",Retail,Certified,1.311343,103.795992
THONG CHAI MEDICAL INSTITUTION,"50 EU TONG SEN STREET, SINGAPORE 059803",Office,None,1.2833450000000002,103.842507
VISION EXCHANGE,"2 VENTURE DRIVE, SINGAPORE 608526",Office,GoldPlus,1.329495,103.745094
JURONG TOWN HALL,"9 JURONG TOWN HALL ROAD, SINGAPORE 609431",Office,Platinum,1.338773,103.73409000000001
THE JTC SUMMIT,"8 JURONG TOWN HALL ROAD, SINGAPORE 609434",Office,Platinum,1.331181,103.741811
CONNEXIS,"1 FUSIONOPOLIS WAY, SINGAPORE 138632",Office,Platinum,1.299801,103.787581
HELIOS,"11 BIOPOLIS WAY, SINGAPORE 138667",Office,GoldPlus,1.3044959999999999,103.791889
IBM PLACE,"9 CHANGI BUSINESS PARK CENTRAL 1, SINGAPORE 486048",Office,GoldPlus,1.3364559999999999,103.965171
CLEANTECH ONE,"1 CLEANTECH LOOP, SINGAPORE 637141",Office,Platinum,1.355376,103.69218199999999
,"15 CHANGI BUSINESS PARK CENTRAL 1, SINGAPORE 486057",Office,Gold,1.337761,103.966607
JTC CLEANTECH TWO @CLEANTECH PARK,"3 CLEANTECH LOOP, SINGAPORE 637143",Office,Platinum,1.355146,103.69344
IBM PLACE,"7 CHANGI BUSINESS PARK CENTRAL 1, SINGAPORE 486072",Office,GoldPlus,1.33615,103.964698
INNOVIS,"2 FUSIONOPOLIS WAY, SINGAPORE 138634",Office,Platinum,1.29926,103.78851800000001
SYNTHESIS,"6 FUSIONOPOLIS WAY, SINGAPORE 138636",Office,Platinum,1.300281,103.787723
KINESIS,"4 FUSIONOPOLIS WAY, SINGAPORE 138635",Office,Platinum,1.29926,103.78851800000001
,"20 AYER RAJAH CRESCENT, SINGAPORE 139964",Office,None,1.295131,103.789805
SINGAPORE MARRIOTT TANG PLAZA HOTEL,"320 ORCHARD ROAD, SINGAPORE 238865",Hotel,Gold,1.305109,103.832877
GIANURN BUILDING,"241 RIVER VALLEY ROAD, SINGAPORE 238298",Office,None,1.294218,103.84187299999999
DUO TOWER,"3 FRASER STREET, SINGAPORE 189352",Office,Platinum,1.299749,103.857783
CHANGI EXHIBITION CENTRE,"9 AVIATION PARK ROAD, SINGAPORE 498760",Retail,None,1.365589,104.01408599999999
NETWORK COURIER BUILDING,"46 HORNE ROAD, SINGAPORE 209068",Office,None,1.309734,103.861436
NETWORK COURIER BUILDING,"44 HORNE ROAD, SINGAPORE 209067",Office,None,1.309734,103.861436
YELEY BUILDING,"730 UPPER SERANGOON ROAD, SINGAPORE 534613",Office,None,1.376744,103.902666
,"397 LORONG 2 TOA PAYOH, SINGAPORE 319639",Office,None,1.336767,103.84650500000001
,"25 GEYLANG EAST CENTRAL, SINGAPORE 389708",Nursing Home,None,1.3186149999999999,103.882001
JAMIYAH NURSING HOME,"130 WEST COAST DRIVE, SINGAPORE 127444",Nursing Home,None,1.310719,103.759534
VALLEY POINT,"491 RIVER VALLEY ROAD, SINGAPORE 248371",Office,Gold,1.29304,103.8269
ARCADIA HOTEL,"32 HAMILTON ROAD, SINGAPORE 209201",Hotel,None,1.31146,103.86133000000001
,"15 LORONG 15 GEYLANG, SINGAPORE 388607",Hotel,None,1.313164,103.87805
CHERN SENG BUILDING,"7 HINDOO ROAD, SINGAPORE 209108",Office,None,1.3087389999999999,103.853571
JEAN YIP LOFT,"307 NEW BRIDGE ROAD, SINGAPORE 088757",Retail,None,1.281232,103.841223
PAGODA VIEW,"32 PAGODA STREET, SINGAPORE 059191",Retail,None,1.283305,103.84463199999999
ST. ANDREW'S NURSING HOME (QUEENSTOWN),"11 JALAN PENJARA, SINGAPORE 149380",Nursing Home,Certified,1.2982129999999998,103.8081
,"5 TAMPINES STREET 32, SINGAPORE 529284",Retail,None,1.354286,103.96000699999999
CANTONMENT CENTRE,"150 CANTONMENT ROAD, SINGAPORE 089762",Office,None,1.2789780000000002,103.840027
,"90 EU TONG SEN STREET, SINGAPORE 059811",Office,None,1.28309,103.841588
TOWNSHEND BUILDING,"54 MAUDE ROAD, SINGAPORE 208346",Office,None,1.307895,103.8585
DIOCESAN CENTRE BUILDING,"1 FRANCIS THOMAS DRIVE, SINGAPORE 359340",Office,None,1.331212,103.86558000000001
THE WAREHOUSE,"320 HAVELOCK ROAD, SINGAPORE 169628",Hotel,None,1.288985,103.83731999999999
CENTRAL SQUARE,"20 HAVELOCK ROAD, SINGAPORE 059765",Hotel,None,1.2882200000000001,103.843457
RENDEZVOUS HOTEL SINGAPORE,"9 BRAS BASAH ROAD, SINGAPORE 189559",Hotel,GoldPlus,1.298583,103.849316
CHEVRON HOUSE,"30 RAFFLES PLACE, SINGAPORE 048622",Office,None,1.284533,103.851937
,"72 ELIZABETH DRIVE, SINGAPORE 669745",Nursing Home,None,1.3599940000000001,103.764104
YISHUN COMMUNITY HOSPITAL,"2 YISHUN CENTRAL 2, SINGAPORE 768024",General Hospital/ Specialist Centre (Public),Platinum,1.4246219999999998,103.8367
SUNSHINE PLAZA,"10 PRINSEP LINK, SINGAPORE 187948",Office,None,1.300089,103.850667
HOTEL 1929,"50 KEONG SAIK ROAD, SINGAPORE 089154",Hotel,None,1.280792,103.841812
HEARTLAND MALL- KOVAN,"205 HOUGANG STREET 21, SINGAPORE 530205",Retail,None,1.3597569999999999,103.885223
REVENUE HOUSE,"55 NEWTON ROAD, SINGAPORE 307987",Office,Platinum,1.31952,103.842114
INTERNATIONAL PLAZA,"10 ANSON ROAD, SINGAPORE 079903",Office,GoldPlus,1.275755,103.8459
,"8 PRINCE GEORGES PARK, SINGAPORE 118407",Univerisity,None,1.291641,103.782512
,"8 COLLEGE ROAD, SINGAPORE 169857",Univerisity,Certified,1.2810700000000002,103.834158
,"469A BUKIT TIMAH ROAD, SINGAPORE 259770",Univerisity,None,1.321784,103.821428
,"2 BUKIT BATOK STREET 11, SINGAPORE 659674",Polyclinic,None,1.349448,103.742048
HOME SUITE VIEW HOTEL,"12 LORONG 12 GEYLANG, SINGAPORE 398993",Hotel,None,1.311401,103.878121
,"137 TELOK AYER STREET, SINGAPORE 068602",Office,None,1.278727,103.846885
BANK OF AMERICA MERRILL LYNCH HARBOURFRONT,"2 HARBOURFRONT PLACE, SINGAPORE 098499",Office,GoldPlus,1.265827,103.818825
HEAP SENG HOUSE,"36 LIANG SEAH STREET, SINGAPORE 189057",Mixed Development,None,1.298551,103.85612900000001
COPTHORNE KING'S HOTEL,"403 HAVELOCK ROAD, SINGAPORE 169632",Hotel,Platinum,1.28826,103.83664300000001
TONG ENG BUILDING,"101 CECIL STREET, SINGAPORE 069533",Office,Platinum,1.28115,103.849372
,"9 CHOA CHU KANG AVENUE 4, SINGAPORE 689815",Nursing Home,None,1.385,103.746235
THE SINGAPORE RESORT & SPA,"2 BUKIT MANIS ROAD, SINGAPORE 099891",Hotel,None,1.2452590000000001,103.827649
BANGKOK BANK BUILDING,"180 CECIL STREET, SINGAPORE 069546",Office,None,1.279231,103.847712
ASCOTT SINGAPORE RAFFLES PLACE,"2 FINLAYSON GREEN, SINGAPORE 049247",Hotel,Certified,1.2820850000000001,103.85154399999999
MAPLETREE ANSON,"60 ANSON ROAD, SINGAPORE 079914",Office,Platinum,1.274629,103.84513100000001
IOB BUILDING,"64 CECIL STREET, SINGAPORE 049711",Office,None,1.281919,103.849498
,"55 MARKET STREET, SINGAPORE 048941",Office,Gold,1.283796,103.85034399999999
CUPPAGE PLAZA,"5 KOEK ROAD, SINGAPORE 228796",Retail,None,1.300717,103.84070600000001
,"31 HENG MUI KENG TERRACE, SINGAPORE 119595",Office,None,1.2920040000000002,103.773909
MINISTRY OF FOREIGN AFFAIRS BUILDING,"1 SHERWOOD ROAD, SINGAPORE 248163",Office,Gold,1.304657,103.816616
51 CUPPAGE ROAD,"51 CUPPAGE ROAD, SINGAPORE 229469",Office,Gold,1.302461,103.840581
INCOME AT TAMPINES POINT,"2 TAMPINES CENTRAL 6, SINGAPORE 529483",Office,None,1.352667,103.94221999999999
INCOME CENTRE,"75 BRAS BASAH ROAD, SINGAPORE 189557",Office,None,1.295244,103.852985
INCOME AT PRINSEP,"30 PRINSEP STREET, SINGAPORE 188647",Mixed Development,Gold,1.2989620000000002,103.848802
INCOME AT TAMPINES JUNCTION,"300 TAMPINES AVENUE 5, SINGAPORE 529653",Office,GoldPlus,1.3516860000000002,103.941548
EASTPOINT MALL,"3 SIMEI STREET 6, SINGAPORE 528833",Retail,None,1.34281,103.95297
ICA BUILDING,"10 KALLANG ROAD, SINGAPORE 208718",Office,None,1.309333,103.865994
PARKWAY HEALTH DAY SURGERY,"363 BALESTIER ROAD, SINGAPORE 329784",Private Clinic,None,1.320233,103.852949
THE CENTRAL,"6 EU TONG SEN STREET, SINGAPORE 059817",Mixed Development,None,1.288645,103.846575
GREAT WORLD CITY,"1 KIM SENG PROMENADE, SINGAPORE 237994",Mixed Development,None,1.293452,103.83199300000001
,"89 NEIL ROAD, SINGAPORE 088849",Office,None,1.2785950000000001,103.84169
FOUR SEASONS HOTEL,"190 ORCHARD BOULEVARD, SINGAPORE 248646",Hotel,None,1.30521,103.828653
,"37 JALAN BESAR, SINGAPORE 208801",Hotel,None,1.304616,103.85459
,"91 YISHUN CENTRAL, SINGAPORE 768829",Nursing Home,None,1.42301,103.83861999999999
HILTON INTERNATIONAL SINGAPORE,"581 ORCHARD ROAD, SINGAPORE 238883",Mixed Development,None,1.3058379999999998,103.829324
CES CENTRE,"171 CHIN SWEE ROAD, SINGAPORE 169877",Office,Certified,1.284352,103.83720699999999
,"115 GEYLANG ROAD, SINGAPORE 389218",Hotel,None,1.311108,103.873785
DELFI ORCHARD,"402 ORCHARD ROAD, SINGAPORE 238876",Retail,None,1.306993,103.82862800000001
TOWER FIFTEEN,"15 HOE CHIANG ROAD, SINGAPORE 089316",Office,None,1.273803,103.842199
FRAGRANCE EMPIRE BUILDING,"456 ALEXANDRA ROAD, SINGAPORE 119962",Office,None,1.275099,103.80127399999999
FRAGRANCE BUILDING,"168 CHANGI ROAD, SINGAPORE 419730",Office,None,1.316891,103.902803
THE PUNGGOL SETTLEMENT,"3 PUNGGOL POINT ROAD, SINGAPORE 828694",Retail,Certified,1.4205889999999999,103.91123
,"100 PUNGGOL FIELD, SINGAPORE 828811",Nursing Home,None,1.392095,103.91534899999999
JAMILLA BOUTIQUE INN,"10 ALIWAL STREET, SINGAPORE 199903",Hotel,None,1.302072,103.861397
LAI NGUANG BUILDING,"36 SOUTH BRIDGE ROAD, SINGAPORE 058670",Hotel,None,1.288082,103.848499
THE SELETAR MALL,"33 SENGKANG WEST AVENUE, SINGAPORE 797653",Retail,Gold,1.381897,103.899917
THE PARAGON,"290 ORCHARD ROAD, SINGAPORE 238859",Retail,Certified,1.303892,103.835732
THE CLEMENTI MALL,"3155 COMMONWEALTH AVENUE WEST, SINGAPORE 129588",Retail,None,1.314814,103.764634
BULKHAUL HOUSE,"67 BEACH ROAD, SINGAPORE 189688",Office,None,1.296171,103.856193
BERNHARD SCHULTE HOUSE,"108 MIDDLE ROAD, SINGAPORE 188967",Office,None,1.298869,103.854003
THE NOVELTY HOUSE,"15 HONGKONG STREET, SINGAPORE 059658",Office,None,1.287758,103.84744599999999
UWEEI BUILDING,"37 MIDDLE ROAD, SINGAPORE 188946",Private School,None,1.2969979999999999,103.855479
MARINA AT KEPPEL BAY,"2 KEPPEL BAY VISTA, SINGAPORE 098382",Mixed Development,Gold,1.2640790000000002,103.812606
MOUNT EMILY HOTEL,"10A UPPER WILKIE ROAD, SINGAPORE 228119",Hotel,None,1.303366,103.847847
GRAND PARK ORCHARD,"270 ORCHARD ROAD, SINGAPORE 238857",Hotel,None,1.303105,103.836202
ONE RAFFLES PLACE,"1 RAFFLES PLACE, SINGAPORE 048616",Office,Gold,1.284742,103.851097
SIGLAP CENTRE,"55 SIGLAP ROAD, SINGAPORE 455871",Retail,GoldPlus,1.318524,103.92091500000001
SYNAPSE,"3 BIOPOLIS DRIVE, SINGAPORE 138623",Office,Gold,1.301669,103.793463
JIT POH BUILDING,"19 KEPPEL ROAD, SINGAPORE 089058",Office,None,1.272779,103.843114
,"36 PRINSEP STREET, SINGAPORE 188648",Office,None,1.298208,103.848383
,"36 ARMENIAN STREET, SINGAPORE 179934",Office,Certified,1.294598,103.849577
,"95 BEACH ROAD, SINGAPORE 189699",Hotel,None,1.293743,103.85457199999999
REDDOORZ NEAR MARINE PARADE CENTRAL,"400 EAST COAST ROAD, SINGAPORE 428996",Hotel,None,1.308792,103.912215
,"1 COVE AVENUE, SINGAPORE 098537",Office,Gold,52.51253199999999,5.064511
,"410 NORTH BRIDGE ROAD, SINGAPORE 188726",Office,None,1.305373,103.864006
QUALITY HOTEL MARLOW,"201 BALESTIER ROAD, SINGAPORE 329926",Hotel,None,1.320068,103.852512
,"10 ANG MO KIO AVENUE 8, SINGAPORE 567727",Nursing Home,Certified,1.3727530000000001,103.84827800000001
,"71 IRRAWADDY ROAD, SINGAPORE 329562",Community Hospital,None,1.322928,103.845582
RENCI @ BUKIT BATOK ST. 52,"31 BUKIT BATOK STREET 52, SINGAPORE 659251",Nursing Home,None,1.353275,103.754867
RAFFLES HOSPITAL,"585 NORTH BRIDGE ROAD, SINGAPORE 188770",Private Hospital (Private),None,1.305373,103.864006
HOTEL JEN TANGLIN SINGAPORE,"1A CUSCADEN ROAD, SINGAPORE 249716",Hotel,GoldPlus,1.304271,103.82391199999999
SATA COMMHEALTH BUILDING,"351 CHAI CHEE STREET, SINGAPORE 468982",Private Clinic,None,1.327876,103.92119699999999
CHUNG HWA FREE CLINIC,"640 LORONG 4 TOA PAYOH, SINGAPORE 319522",Private Clinic,None,1.33982,103.850837
CECIL COURT,"138 CECIL STREET, SINGAPORE 069538",Office,None,1.280828,103.848658
,"984 UPPER CHANGI ROAD NORTH, SINGAPORE 506969",Office,Legislated,1.368017,103.977243
PRISON HEADQUARTERS,"407 UPPER CHANGI ROAD NORTH, SINGAPORE 507658",Office,None,1.368017,103.977243
BALMORAL PLAZA,"271 BUKIT TIMAH ROAD, SINGAPORE 259708",Retail,None,1.321784,103.821428
WOODLANDS POLYCLINIC,"10 WOODLANDS STREET 31, SINGAPORE 738579",Polyclinic,None,1.430788,103.775225
HOUGANG POLYCLINIC,"89 HOUGANG AVENUE 4, SINGAPORE 538829",Polyclinic,None,1.3699350000000001,103.88903
TOA PAYOH POLYCLINIC,"2003 LORONG 8 TOA PAYOH, SINGAPORE 319260",Polyclinic,None,1.334583,103.85895500000001
BUKIT PASOH BUILDING,"3 BUKIT PASOH ROAD, SINGAPORE 089817",Office,None,1.278651,103.840735
KEMBANGAN PLAZA,"18 JALAN MASJID, SINGAPORE 418944",Office,None,1.3198370000000001,103.912432
HOLIDAY INN SINGAPORE ORCHARD CITY CENTRE,"11 CAVENAGH ROAD, SINGAPORE 229616",Hotel,None,1.3022790000000002,103.841102
,"10 DOVER DRIVE, SINGAPORE 138683",Univerisity,None,1.300363,103.782321
,"29B TAMPINES AVENUE 1, SINGAPORE 528694",Polytechnic,Platinum,1.345783,103.935101
,"51 GRANGE ROAD, SINGAPORE 249564",Office,Certified,1.304526,103.823432
,"402 COMMONWEALTH DRIVE, SINGAPORE 149599",Office,None,1.295788,103.79933
,"5 HOY FATT ROAD, SINGAPORE 159505",Office,None,1.286804,103.810347
MOE BUILDING,"1 NORTH BUONA VISTA DRIVE, SINGAPORE 138675",Office,Platinum,1.3051979999999999,103.79038100000001
TUV SUD PSB BUILDING,"1 SCIENCE PARK DRIVE, SINGAPORE 118221",Office,None,1.2907030000000002,103.78580699999999
,"135 BUKIT TIMAH ROAD, SINGAPORE 229837",Office,None,1.321784,103.821428
POSB REGIONAL CENTRE,"42 UPPER EAST COAST ROAD, SINGAPORE 455213",Retail,None,1.3125799999999999,103.927026
E!HUB@DOWNTOWN EAST,"1 PASIR RIS CLOSE, SINGAPORE 519599",Mixed Development,Gold,1.376211,103.95530699999999
,"3 TAMPINES GRANDE, SINGAPORE 528799",Office,Certified,1.354515,103.941819
CAUSEWAY POINT,"1 WOODLANDS SQUARE, SINGAPORE 738099",Retail,Platinum,1.436185,103.785816
PSA BUILDING,"460 ALEXANDRA ROAD, SINGAPORE 119963",Office,GoldPlus,1.2737889999999998,103.801457
CROWNE PLAZA CHANGI AIRPORT,"75 AIRPORT BOULEVARD, SINGAPORE 819664",Hotel,Certified,1.3586799999999999,103.98794699999999
,"1 AYER RAJAH AVENUE, SINGAPORE 138676",Private College,Platinum,1.299893,103.78655400000001
,"181 UPPER THOMSON ROAD, SINGAPORE 574331",Retail,Gold,1.350856,103.83556999999999
NTUC TRADE UNION HOUSE,"73 BRAS BASAH ROAD, SINGAPORE 189556",Private School,Gold,1.294534,103.853892
TRIPLEONE SOMERSET,"111 SOMERSET ROAD, SINGAPORE 238164",Office,GoldPlus,1.30037,103.83735
ALFA CENTRE,"99 BUKIT TIMAH ROAD, SINGAPORE 229835",Office,None,1.321784,103.821428
PARKLANE SHOPPING MALL,"35 SELEGIE ROAD, SINGAPORE 188307",Retail,None,1.300627,103.84940999999999
MYP PLAZA,"135 CECIL STREET, SINGAPORE 069536",Office,None,1.279843,103.848765
HI-P BUILDING,"11 INTERNATIONAL BUSINESS PARK, SINGAPORE 609926",Office,None,1.3294350000000001,103.747742
GREATWOOD BUILDING,"43 CARPENTER STREET, SINGAPORE 059922",Office,None,1.287865,103.84813100000001
SINGAPORE POLYTECHNIC,"500 DOVER ROAD, SINGAPORE 139651",Polytechnic,Platinum,1.310668,103.777419
GLENEAGLES MEDICAL CENTRE,"6 NAPIER ROAD, SINGAPORE 258499",Private Clinic,None,1.307242,103.819862
SEMBAWANG MART,"511 CANBERRA ROAD, SINGAPORE 750511",Retail,None,1.45394,103.81945
,"2 BUKIT MERAH CENTRAL, SINGAPORE 159835",Office,None,1.28421,103.81376
,"1 KAY SIANG ROAD, SINGAPORE 248922",Office,None,1.29674,103.810911
NEW BRIDGE CENTRE,"336 SMITH STREET, SINGAPORE 050336",Office,None,1.282988,103.842792
KITCHENER COMPLEX,"809 FRENCH ROAD, SINGAPORE 200809",Mixed Development,None,1.308128,103.86223199999999
WEST COAST PLAZA,"154 WEST COAST ROAD, SINGAPORE 127371",Retail,None,1.303654,103.765547
ALEXANDRA POINT,"438 ALEXANDRA ROAD, SINGAPORE 119958",Office,Platinum,1.2909899999999999,103.820786
BALESTIER PLAZA,"400 BALESTIER ROAD, SINGAPORE 329802",Retail,None,1.3258159999999999,103.850098
,"55 QUEENSWAY, SINGAPORE 149058",Nursing Home,None,1.295936,103.79966
THE GRANDSTAND,"200 TURF CLUB ROAD, SINGAPORE 287994",Retail,None,1.337568,103.793762
GUTHRIE BUILDING,"150 CHANGI ROAD, SINGAPORE 419973",Office,None,1.316481,103.899281
YEWTEE POINT,"21 CHOA CHU KANG NORTH 6, SINGAPORE 689578",Retail,Certified,1.397148,103.74655
QUEENSTOWN POLYCLINIC,"580 STIRLING ROAD, SINGAPORE 148958",Polyclinic,None,1.298459,103.801082
BUKIT BATOK POLYCLINIC,"50 BUKIT BATOK WEST AVENUE 3, SINGAPORE 659164",Polyclinic,None,1.3519999999999999,103.747743
CHOA CHU KANG POLYCLINIC,"2 TECK WHYE CRESCENT, SINGAPORE 688846",Polyclinic,None,1.3823239999999999,103.750713
JURONG POLYCLINIC,"190 JURONG EAST AVENUE 1, SINGAPORE 609788",Polyclinic,None,1.349586,103.730574
PIONEER POLYCLINIC,"26 JURONG WEST STREET 61, SINGAPORE 648201",Polyclinic,None,1.338471,103.69881
TRISTAR COMPLEX,"970 GEYLANG ROAD, SINGAPORE 423492",Retail,None,1.311697,103.875601
,"145 WEST COAST ROAD, SINGAPORE 127367",Office,None,1.318861,103.74438
SQUARE 2,"10 SINARAN DRIVE, SINGAPORE 307506",Mixed Development,None,1.320635,103.844326
THE ARCADE,"11 COLLYER QUAY, SINGAPORE 049317",Office,None,1.2837129999999999,103.85288
JEM,"50 JURONG GATEWAY ROAD, SINGAPORE 608549",Retail,Platinum,1.3330000000000002,103.743488
,"9 AH HOOD ROAD, SINGAPORE 329975",Private School,None,1.3283399999999999,103.845832
BURLINGTON SQUARE,"175 BENCOOLEN STREET, SINGAPORE 189649",Office,None,1.302608,103.852631
,"31 INTERNATIONAL BUSINESS PARK, SINGAPORE 609921",Office,None,1.3287229999999999,103.746155
NATIONAL ARCHIVES OF SINGAPORE,"1 CANNING RISE, SINGAPORE 179868",Office,None,1.292785,103.84905
NATIONAL LIBRARY BUILDING,"100 VICTORIA STREET, SINGAPORE 188064",Office,Platinum,1.297678,103.854298
,"55 KEONG SAIK ROAD, SINGAPORE 089158",Hotel,None,1.280619,103.841542
,"50 SCOTTS ROAD, SINGAPORE 228242",Office,Gold,1.305792,103.832414
REDDOORZ @ ALJUNIED,"34 LORONG 22 GEYLANG, SINGAPORE 398691",Hotel,None,1.31116,103.88188199999999
,"61 SOUTH BRIDGE ROAD, SINGAPORE 058691",Hotel,None,1.287167,103.848167
SANTA GRAND HOTEL LITTLE INDIA,"3 VEERASAMY ROAD, SINGAPORE 207309",Hotel,None,1.3078379999999998,103.853121
SANTA GRAND HOTEL EAST COAST,"171 EAST COAST ROAD, SINGAPORE 428877",Hotel,None,1.306638,103.905784
SANTA GRAND HOTEL WEST COAST,"428 PASIR PANJANG ROAD, SINGAPORE 118769",Hotel,None,1.292334,103.76859
SANTA GRAND HOTEL BUGIS,"8 JALAN KUBOR, SINGAPORE 199207",Hotel,None,1.3040530000000001,103.859429
,"711 EAST COAST ROAD, SINGAPORE 459065",Retail,None,1.308468,103.910027
RAMADA SINGAPORE AT ZHONGSHAN PARK,"16 AH HOOD ROAD, SINGAPORE 329982",Hotel,None,1.3271540000000002,103.84673599999999
HOUGANG 1,"1 HOUGANG STREET 91, SINGAPORE 538692",Retail,None,1.3758290000000002,103.879368
REHAU BUILDING,"1 KING GEORGES AVENUE, SINGAPORE 208557",Office,None,1.310827,103.8628
,"142 NEIL ROAD, SINGAPORE 088871",Office,None,1.278308,103.84076
THE CATHAY,"2 HANDY ROAD, SINGAPORE 229233",Retail,None,1.299431,103.847903
THE MIDTOWN,"1187 UPPER SERANGOON ROAD, SINGAPORE 533971",Retail,None,1.376744,103.902666
NORTH-EASTERN ENVIRONMENTAL HEALTH OFFICE,"174 SIN MING DRIVE, SINGAPORE 575715",Office,None,1.361351,103.83926
,"4545 JALAN BUKIT MERAH, SINGAPORE 159466",Office,None,1.285933,103.807016
SOUTH EASTERN ENVIRONMENT HEALTH OFFICE,"70 TANNERY LANE, SINGAPORE 347810",Office,None,1.326164,103.87865500000001
,"18 ATTAP VALLEY ROAD, SINGAPORE 759910",Office,None,1.45777,103.794795
GREAT EASTERN CENTRE,"1 PICKERING STREET, SINGAPORE 048659",Office,Certified,1.284825,103.847684
112 KATONG,"112 EAST COAST ROAD, SINGAPORE 428802",Retail,None,1.3054620000000001,103.904652
,"443 GEYLANG ROAD, SINGAPORE 389403",Hotel,None,1.313183,103.881798
,"25 RECREATION ROAD, SINGAPORE 546522",Nursing Home,None,1.3531549999999999,103.874169
,"53 CHOA CHU KANG ROAD, SINGAPORE 689385",Nursing Home,None,1.378149,103.757899
,"451 YIO CHU KANG ROAD, SINGAPORE 805947",Nursing Home,None,1.390526,103.845189
ECON MEDICARE CENTRE,"452 UPPER EAST COAST ROAD, SINGAPORE 466500",Nursing Home,None,1.318308,103.95139499999999
ECON MEDICARE CENTRE,"58 BRADDELL ROAD, SINGAPORE 359905",Nursing Home,None,1.343181,103.855812
LASALLE COLLEGE OF THE ARTS,"1 MCNALLY STREET, SINGAPORE 187940",Private College,Gold,1.30292,103.851956
,"71 CHAI CHEE STREET, SINGAPORE 468981",Office,GoldPlus,1.327705,103.91929
MOUNTBATTEN SQUARE,"229 MOUNTBATTEN ROAD, SINGAPORE 398007",Office,None,1.3074059999999998,103.881295
,"16 INTERNATIONAL BUSINESS PARK, SINGAPORE 609929",Office,None,1.3294350000000001,103.747742
,"1 UPPER CIRCULAR ROAD, SINGAPORE 058400",Office,None,1.288778,103.84820500000001
CONNECTION ONE,"168 JALAN BUKIT MERAH, SINGAPORE 150168",Office,Platinum,1.2789780000000002,103.82900500000001
THE ADELPHI,"1 COLEMAN STREET, SINGAPORE 179803",Mixed Development,Platinum,1.2913729999999999,103.851078
REALTY CENTRE,"15 ENGGOR STREET, SINGAPORE 079716",Office,None,1.27421,103.844347
,"21 BUKIT BATOK STREET 22, SINGAPORE 659589",Private School,None,1.344401,103.74913000000001
SINGAPORE DISCOVERY CENTRE,"510 UPPER JURONG ROAD, SINGAPORE 638365",Retail,None,1.33269,103.67904200000001
,"44 LORONG 6 GEYLANG, SINGAPORE 399199",Hotel,None,1.309994,103.876502
,"12 LORONG 10 GEYLANG, SINGAPORE 399045",Hotel,None,1.311289,103.87751300000001
,"14 LORONG 10 GEYLANG, SINGAPORE 399047",Hotel,None,1.311231,103.87754100000001
FOOK HAI BUILDING,"150 SOUTH BRIDGE ROAD, SINGAPORE 058727",Office,None,1.284891,103.84665600000001
TRAVELLERS LOFT @ JALAN BESAR,"290 JALAN BESAR, SINGAPORE 208953",Hotel,None,1.303728,103.854247
FAMILY LINK @ LENGKOK BAHRU,"8 LENGKOK BAHRU, SINGAPORE 159052",Office,Certified,1.286358,103.811208
HSBC HOUSE,"24 CHEONG CHIN NAM ROAD, SINGAPORE 599747",Office,None,1.3439649999999999,103.7752
BEA BUILDING,"60 ROBINSON ROAD, SINGAPORE 068892",Office,None,1.280717,103.849693
ICON@IBP,"3A INTERNATIONAL BUSINESS PARK, SINGAPORE 609935",Office,GoldPlus,1.3294350000000001,103.747742
PENINSULA SHOPPING COMPLEX,"3 COLEMAN STREET, SINGAPORE 179804",Hotel,None,1.2919459999999998,103.84982
VISIONCREST,"103 PENANG ROAD, SINGAPORE 238467",Office,None,1.298475,103.844475
JALAN BESAR PLAZA,"101 KITCHENER ROAD, SINGAPORE 208511",Office,None,1.3093,103.85781899999999
CONNEXION,"1 FARRER PARK STATION ROAD, SINGAPORE 217562",Retail,Platinum,1.3130700000000002,103.854217
UE SQUARE,"83 CLEMENCEAU AVENUE, SINGAPORE 239920",Office,None,1.292037,103.84255300000001
,"450 ALEXANDRA ROAD, SINGAPORE 119960",Office,None,1.276468,103.801532
THE ROCHESTER,"35 ROCHESTER DRIVE, SINGAPORE 138639",Retail,Gold,1.3055940000000001,103.788037
ONE FINLAYSON GREEN,"1 FINLAYSON GREEN, SINGAPORE 049246",Office,None,1.282262,103.851277
VIVA VISTA,"3 SOUTH BUONA VISTA ROAD, SINGAPORE 118136",Office,None,1.280211,103.78614300000001
THE OCTAGON,"105 CECIL STREET, SINGAPORE 069534",Office,Certified,1.2805309999999999,103.849145
,"2 LENGKOK BAHRU, SINGAPORE 159047",Office,None,1.286514,103.810581
THE BENCOOLEN,"180 BENCOOLEN STREET, SINGAPORE 189646",Retail,None,1.301588,103.852588
WILKIE EDGE,"8 WILKIE ROAD, SINGAPORE 228095",Office,Gold,1.303284,103.847142
,"30 HILL STREET, SINGAPORE 179360",Office,Gold,1.2901799999999999,103.848433
THOMSON MEDICAL CENTRE,"339 THOMSON ROAD, SINGAPORE 307677",Private Hospital (Private),None,1.314063,103.845663
HOUSE OF TAN YEOK NEE,"101 PENANG ROAD, SINGAPORE 238466",Private Clinic,None,1.298475,103.844475
,"182 CLEMENCEAU AVENUE, SINGAPORE 239923",Office,None,1.295865,103.843884
HOUGANG GREEN SHOPPING MALL,"21 HOUGANG STREET 51, SINGAPORE 538719",Retail,None,1.290475,103.852036
MACDONALD HOUSE,"40A ORCHARD ROAD, SINGAPORE 238838",Office,None,1.299238,103.84613900000001
UNITED HOUSE,"20 KRAMAT LANE, SINGAPORE 228773",Office,None,1.300742,103.842979
PARK ROCHESTER AVENUE,"31 ROCHESTER DRIVE, SINGAPORE 138637",Hotel,Gold,1.305351,103.788347
BROADWAY PLAZA,"4190 ANG MO KIO AVENUE 6, SINGAPORE 569841",Retail,None,1.380774,103.844309
,"298 JALAN BUKIT HO SWEE, SINGAPORE 169565",Office,None,1.288043,103.826532
,"8 LOWER DELTA ROAD, SINGAPORE 169198",Office,None,1.288991,103.82480600000001
GOLDHILL PLAZA,"1 GOLDHILL PLAZA, SINGAPORE 308899",Mixed Development,None,1.317741,103.843288
,"18 SCIENCE PARK DRIVE, SINGAPORE 118229",Office,None,1.290183,103.788241
PARKWAY CENTRE,"1 MARINE PARADE CENTRAL, SINGAPORE 449408",Private School,None,1.30176,103.90597
CORONATION PLAZA,"587 BUKIT TIMAH ROAD, SINGAPORE 269707",Retail,None,1.323756,103.810175
THE STAR VISTA,"1 VISTA EXCHANGE GREEN, SINGAPORE 138617",Retail,Gold,1.307104,103.78835699999999
PEOPLE'S PARK CENTRE,"101 UPPER CROSS STREET, SINGAPORE 058357",Mixed Development,None,1.285914,103.844373
HOLLAND ROAD SHOPPING CENTRE,"211 HOLLAND AVENUE, SINGAPORE 278967",Retail,None,1.310782,103.79565799999999
SUNTEC CITY MALL,"3 TEMASEK BOULEVARD, SINGAPORE 038983",Office,Gold,1.295244,103.859913
WEST POINT HOSPITAL,"235 CORPORATION DRIVE, SINGAPORE 619771",Nursing Home,None,1.330031,103.72296700000001
TONG BUILDING,"302 ORCHARD ROAD, SINGAPORE 238862",Office,None,1.303899,103.834742
GREEN WORLD,"3 SENG POH ROAD, SINGAPORE 168891",Hotel,None,1.285564,103.834076
WAH-CHANG HOUSE,"211 UPPER BUKIT TIMAH ROAD, SINGAPORE 588182",Office,None,1.370951,103.76341500000001
COMO HOUSE,"6B ORANGE GROVE ROAD, SINGAPORE 258332",Office,None,1.314142,103.826541
GALAXIS,"1 FUSIONOPOLIS PLACE, SINGAPORE 138522",Office,Platinum,1.2990270000000002,103.78763000000001
AIR VIEW BUILDING,"38 MAXWELL ROAD, SINGAPORE 069116",Office,None,1.2797459999999998,103.84477
,"60 LORONG 8 GEYLANG, SINGAPORE 399120",Hotel,None,1.309923,103.877082
SEMBAWANG SHOPPING CENTRE,"604 SEMBAWANG ROAD, SINGAPORE 758459",Retail,Gold,1.441743,103.824875
BUKIT TIMAH SHOPPING CENTRE,"170 UPPER BUKIT TIMAH ROAD, SINGAPORE 588179",Retail,Gold,1.343343,103.77578299999999
,"146 ROBINSON ROAD, SINGAPORE 068909",Office,None,1.278175,103.848109
UOB TAMPINES CENTRE,"1 TAMPINES CENTRAL 1, SINGAPORE 529539",Office,None,1.352095,103.942991
FAR EASTERN BANK BUILDING,"156 CECIL STREET, SINGAPORE 069544",Office,None,1.27998,103.84814200000001
UOB PLAZA,"80 RAFFLES PLACE, SINGAPORE 048624",Office,GoldPlus,1.285334,103.850018
,"8 ANTHONY ROAD, SINGAPORE 229957",Office,None,1.310469,103.837637
UOB ALEXANDRA BUILDING,"396 ALEXANDRA ROAD, SINGAPORE 119954",Office,GoldPlus,1.2783719999999998,103.80239300000001
UOB CENTRE,"148 UPPER BUKIT TIMAH ROAD, SINGAPORE 588178",Office,None,1.3406,103.775915
HDB HUB,"490 LORONG 6 TOA PAYOH, SINGAPORE 310490",Office,Platinum,1.337914,103.85373
SELEGIE CENTRE,"189 SELEGIE ROAD, SINGAPORE 188332",Retail,None,1.3047520000000001,103.850697
TOURISM COURT,"1 ORCHARD SPRING LANE, SINGAPORE 247729",Office,None,1.302794,103.82445
THE CHADWICK,"81 SCIENCE PARK DRIVE, SINGAPORE 118257",Office,None,1.2907030000000002,103.78580699999999
THE CURIE,"83 SCIENCE PARK DRIVE, SINGAPORE 118258",Office,None,1.2907030000000002,103.78580699999999
THE CAVENDISH,"85 SCIENCE PARK DRIVE, SINGAPORE 118259",Office,None,1.288265,103.790504
ESPLANADE MALL,"8 RAFFLES AVENUE, SINGAPORE 039802",Retail,Platinum,1.289644,103.855954
INTERCONTINENTAL SINGAPORE ROBERTSON QUAY,"1 NANSON ROAD, SINGAPORE 238909",Hotel,None,1.290706,103.839558
ELECTION DEPARTMENT,"11 PRINSEP LINK, SINGAPORE 187949",Office,None,1.3000180000000001,103.85030400000001
,"26 BEACH ROAD, SINGAPORE 189768",Mixed Development,Platinum,1.297453,103.856966
PEOPLE'S ASSOCIATION,"9 KING GEORGES AVENUE, SINGAPORE 208581",Office,GoldPlus,1.308583,103.859217
SINGAPORE BUSINESS FEDERATION CENTER,"160 ROBINSON ROAD, SINGAPORE 068914",Office,Platinum,1.278175,103.84776600000001
EIGHTRIUM @ CHANGI BUSINESS PARK,"15A CHANGI BUSINESS PARK CENTRAL 1, SINGAPORE 486035",Office,None,1.33788,103.964642
THE FLOW,"66 EAST COAST ROAD, SINGAPORE 428778",Retail,Certified,1.304555,103.904266
PAYA LEBAR SQUARE,"60 PAYA LEBAR ROAD, SINGAPORE 409051",Office,GoldPlus,1.319072,103.892618
JAYLEEN 1918 HOTEL,"42 CARPENTER STREET, SINGAPORE 059921",Hotel,None,1.287828,103.84796700000001
SIAKSON BUILDING,"3 MILLER STREET, SINGAPORE 188899",Office,None,1.296668,103.853001
,"180 ORCHARD ROAD, SINGAPORE 238846",Retail,None,1.301404,103.839272
VANGUARD BUILDING,"71 STAMFORD ROAD, SINGAPORE 178895",Office,None,1.294735,103.849836
,"25 LORONG 18 GEYLANG, SINGAPORE 398806",Hotel,None,1.31186,103.880839
SCDF HQ 2ND CD DIVISION,"1 TAMPINES INDUSTRIAL AVENUE 3, SINGAPORE 528777",Office,None,1.359278,103.927937
600 @ TOA PAYOH,"600 LORONG 4 TOA PAYOH, SINGAPORE 319515",Retail,None,1.33982,103.850837
LODGE 41,"41 LORONG 16 GEYLANG, SINGAPORE 398877",Hotel,None,1.311574,103.879994
,"81 BEACH ROAD, SINGAPORE 189692",Hotel,None,1.297218,103.856492
NATIONAL INSTITUTE OF EDUCATION,"1 NANYANG WALK, SINGAPORE 637616",Univerisity,Platinum,1.350026,103.68094
OUR TAMPINES HUB,"51 TAMPINES AVENUE 4, SINGAPORE 529684",Office,Platinum,1.353007,103.94042900000001
SOUTHPOINT,"200 CANTONMENT ROAD, SINGAPORE 089763",Office,None,1.2734590000000001,103.841255
CHAN BROTHERS BUILDING,"452 NORTH BRIDGE ROAD, SINGAPORE 188733",Office,None,1.289344,103.84944300000001
PKMS BUILDING,"218 CHANGI ROAD, SINGAPORE 419737",Office,None,1.316481,103.899281
,"61 ANG MO KIO AVENUE 8, SINGAPORE 569814",Retail,None,1.371925,103.847909
321 CLEMENTI,"321 CLEMENTI AVENUE 3, SINGAPORE 129905",Retail,Platinum,1.311983,103.76501999999999
CHIAT HONG BUILDING,"110 MIDDLE ROAD, SINGAPORE 188968",Office,None,1.2989190000000002,103.853792
,"246 BALESTIER ROAD, SINGAPORE 329706",Hotel,None,1.321703,103.85307
SAI HO BUILDING,"777 UPPER SERANGOON ROAD, SINGAPORE 534645",Retail,None,1.376744,103.902666
MAXWELL HOUSE,"20 MAXWELL ROAD, SINGAPORE 069113",Office,Platinum,1.279048,103.844702
CHAMPION HOTEL,"60 JOO CHIAT ROAD, SINGAPORE 427726",Hotel,None,1.314798,103.898461
,"20 LORONG 17 GEYLANG, SINGAPORE 388575",Hotel,None,1.313516,103.87886800000001
HOTEL CLOVER 7 HONGKONG STREET,"7 HONGKONG STREET, SINGAPORE 059650",Hotel,None,1.2875459999999999,103.847778
HOTEL CLOVER THE ARTS,"58 SOUTH BRIDGE ROAD, SINGAPORE 058689",Hotel,None,1.287542,103.848141
HOTEL CLOVER 769 NORTH BRIDGE ROAD,"769 NORTH BRIDGE ROAD, SINGAPORE 198737",Hotel,None,1.303952,103.859926
ICB SHOPPING CENTRE,"6 YIO CHU KANG ROAD, SINGAPORE 545521",Mixed Development,None,1.354593,103.87779599999999
,"1 LARKHILL ROAD, SINGAPORE 099394",Hotel,Platinum,1.251937,103.822273
HOTEL FORT CANING,"11 CANNING WALK, SINGAPORE 178881",Hotel,GoldPlus,1.2958129999999999,103.845362
HOTEL MONO,"18 MOSQUE STREET, SINGAPORE 059498",Hotel,None,1.283764,103.84452900000001
JINSHAN HOTEL,"20 TRENGGANU STREET, SINGAPORE 058479",Hotel,None,1.282859,103.8439
SIM LIM TOWER,"10 JALAN BESAR, SINGAPORE 208787",Mixed Development,GoldPlus,1.304039,103.854672
YEW TEE SQUARE,"623 CHOA CHU KANG STREET 62, SINGAPORE 680623",Retail,None,1.398987,103.74629300000001
,"2 ONE-NORTH GATEWAY, SINGAPORE 138502",Private School,Platinum,1.3030329999999999,103.787664
JUNCTION 10,"1 WOODLANDS ROAD, SINGAPORE 677899",Retail,None,1.38035,103.76013
ATLAND HOUSE,"200 BUKIT TIMAH ROAD, SINGAPORE 229862",Office,None,1.321784,103.821428
8 ON CLAYMORE,"8 CLAYMORE HILL, SINGAPORE 229572",Hotel,Gold,1.307727,103.831868
ICB ENTERPRISE HOUSE,"116 MIDDLE ROAD, SINGAPORE 188972",Office,None,1.29925,103.853401
CHIJMES,"30 VICTORIA STREET, SINGAPORE 187996",Retail,Certified,1.295029,103.85260799999999
,"16 UPPER CROSS STREET, SINGAPORE 058331",Hotel,None,1.2838200000000002,103.84543000000001
THE SOUTHBRIDGE HOTEL,"210 SOUTH BRIDGE ROAD, SINGAPORE 058759",Hotel,None,1.287167,103.848167
SHAW CENTRE,"1 SCOTTS ROAD, SINGAPORE 228208",Office,Gold,1.3059180000000001,103.832015
SHAW HOUSE,"350 ORCHARD ROAD, SINGAPORE 238868",Office,Gold,1.3057889999999999,103.831796
THE ORIENTAL PLAZA,"291 NEW BRIDGE ROAD, SINGAPORE 088756",Retail,None,1.282097,103.841939
MASONIC HALL,"23A COLEMAN STREET, SINGAPORE 179806",Retail,None,1.2923360000000002,103.84901500000001
CUSTOMS HOUSE,"70 COLLYER QUAY, SINGAPORE 049323",Hotel,None,1.282726,103.85337
CHANGI COVE,"351 CRANWELL ROAD, SINGAPORE 509866",Hotel,None,1.388575,103.975655
TKH BUILDING,"78 SOUTH BRIDGE ROAD, SINGAPORE 058708",Office,None,1.282219,103.84529599999999
CARPENTER HAUS,"36 CARPENTER STREET, SINGAPORE 059915",Office,None,1.288001,103.847698
HOTEL NUVE,"11 JALAN PINANG, SINGAPORE 199143",Hotel,None,1.302751,103.858275
223 @ MOUNTBATTEN,"223 MOUNTBATTEN ROAD, SINGAPORE 398008",Office,None,1.307426,103.879724
ENABLING VILLAGE,"20 LENGKOK BAHRU, SINGAPORE 159053",Office,None,1.287028,103.814471
,"149 COMPASSVALE BOW, SINGAPORE 544690",Office,None,1.3807040000000002,103.896997
PS100,"100 PECK SEAH STREET, SINGAPORE 079333",Hotel,None,1.275851,103.844245
ALEXANDRA CENTRAL,"323 ALEXANDRA ROAD, SINGAPORE 159972",Hotel,None,1.287526,103.805291
SPRINGLEAF TOWER,"3 ANSON ROAD, SINGAPORE 079909",Office,None,1.275153,103.846305
ROYAL SQUARE AT NOVENA,"99 IRRAWADDY ROAD, SINGAPORE 329568",Retail,Platinum,1.322928,103.845582
CHOON KIM HOUSE,"780 UPPER SERANGOON ROAD, SINGAPORE 534649",Retail,None,1.354542,103.879313
YUHUA COMMUNITY CLUB,"90 BOON LAY WAY, SINGAPORE 609958",Office,None,1.339875,103.73711999999999
PARC SOVEREIGN HOTEL - TYRWHITT,"165 TYRWHITT ROAD, SINGAPORE 207569",Hotel,None,1.312317,103.86063399999999
NORTH BRIDGE CENTRE,"420 NORTH BRIDGE ROAD, SINGAPORE 188727",Office,Gold,1.297187,103.85492099999999
PREMIER INN,"700 BEACH ROAD, SINGAPORE 199598",Hotel,None,1.297453,103.856966
SPCS BUILDING,"250 SIMS AVENUE, SINGAPORE 387513",Office,None,1.314873,103.882609
BUGIS JUNCTION,"230 VICTORIA STREET, SINGAPORE 188024",Mixed Development,Platinum,1.2968979999999999,103.85266899999999
KAP,"9 KING ALBERT PARK, SINGAPORE 598332",Retail,None,1.336603,103.779226
MND BUILDING,"5 MAXWELL ROAD, SINGAPORE 069110",Office,None,1.278786,103.84587900000001
NATIONAL DESIGN CENTRE,"111 MIDDLE ROAD, SINGAPORE 188969",Office,Platinum,1.298784,103.853532
WATERTOWN,"83 PUNGGOL CENTRAL, SINGAPORE 828761",Retail,GoldPlus,1.4066299999999998,103.90265
OCBC TAMPINES CENTRE ONE,"11 TAMPINES CENTRAL 1, SINGAPORE 529542",Office,Gold,1.354542,103.942131
OCBC TAMPINES CENTRE TWO,"31 TAMPINES AVENUE 4, SINGAPORE 529680",Office,Gold,1.3521290000000001,103.9423
DJIT SUN MALL,"5 ANG MO KIO CENTRAL 2, SINGAPORE 569663",Retail,Certified,1.3728559999999999,103.847616
LIFELONG LEARNING INSTITUTE,"11 EUNOS ROAD 8, SINGAPORE 408601",Private School,Platinum,1.319526,103.893162
BALESTIER 288,"288 BALESTIER ROAD, SINGAPORE 329731",Retail,None,1.320233,103.852949
MERCHANTS BUILDING,"76 SOUTH BRIDGE ROAD, SINGAPORE 058706",Office,None,1.2835290000000001,103.84604
,"8 MOSQUE STREET, SINGAPORE 059488",Hotel,None,1.284068,103.84419399999999
BEDS AND DREAMS INN @ CLARKE QUAY,"38 HONGKONG STREET, SINGAPORE 059677",Hotel,None,1.287325,103.847328
WAI WING CENTRE,"501 BALESTIER ROAD, SINGAPORE 329844",Office,None,1.320233,103.852949
GRANDLINK SQUARE,"511 GUILLEMARD ROAD, SINGAPORE 399849",Retail,None,1.3120290000000001,103.889585
APEX HARMONY LODGE,"10 PASIR RIS WALK, SINGAPORE 518240",Nursing Home,None,1.290475,103.852036
PHILIPPINES EMBASSY,"20 NASSIM ROAD, SINGAPORE 258395",Office,None,1.3091760000000001,103.82292
ORCHARD SHOPPING CENTRE,"321 ORCHARD ROAD, SINGAPORE 238866",Retail,None,1.301615,103.83777099999999
TELEPARK,"5 TAMPINES CENTRAL 6, SINGAPORE 529482",Office,None,1.353276,103.942133
BISHAN SPORTS HALL,"5 BISHAN STREET 14, SINGAPORE 579783",Office,None,1.290475,103.852036
UNION BUILDING,"171 TRAS STREET, SINGAPORE 079025",Office,None,1.276252,103.84405
CLAYMORE PLAZA,"6 CLAYMORE HILL, SINGAPORE 229571",Office,None,1.306461,103.831858
HERITAGE PLACE,"21 TAN QUEE LAN STREET, SINGAPORE 188108",Office,None,1.298622,103.856399
TEMBELING CENTRE,"252 TEMBELING ROAD, SINGAPORE 423731",Office,None,1.3138020000000001,103.899599
BRIGHT CENTRE,"212 TELOK KURAU ROAD, SINGAPORE 423835",Office,None,1.306132,103.91351999999999
CHINATOWN PLAZA,"34 CRAIG ROAD, SINGAPORE 089673",Retail,None,1.278764,103.84200200000001
THE DOMAIN,"914 EAST COAST ROAD, SINGAPORE 459108",Retail,None,1.308468,103.910027
BEAUTY WORLD PLAZA,"140 UPPER BUKIT TIMAH ROAD, SINGAPORE 588176",Office,None,1.370951,103.76341500000001
JK CENTRE,"291 JOO CHIAT ROAD, SINGAPORE 427543",Retail,None,1.3085639999999998,103.903037
PHIL INN,"43 DICKSON ROAD, SINGAPORE 209518",Hotel,None,1.305368,103.853724
NEW WORLD CENTRE,"1 JALAN BERSEH, SINGAPORE 209037",Office,None,1.3074139999999999,103.857438
,"289 BEACH ROAD, SINGAPORE 199552",Hotel,None,1.30101,103.860567
SCAPE,"2 ORCHARD LINK, SINGAPORE 237978",Mixed Development,Gold,1.301287,103.835329
TEAMBUILD CENTRE,"701 GEYLANG ROAD, SINGAPORE 389687",Office,None,1.311697,103.875601
SIMS AVENUE CENTRE,"540 SIMS AVENUE, SINGAPORE 387603",Office,None,1.316162,103.889579
ORIENTAL VENTURE BUILDING,"711 GEYLANG ROAD, SINGAPORE 389626",Office,None,1.311697,103.875601
,"586 GEYLANG ROAD, SINGAPORE 389525",Hotel,None,1.312573,103.878907
,"31 LORONG 8 GEYLANG, SINGAPORE 399095",Hotel,None,1.31077,103.877336
DIMENSIONS BUILDING,"23 KAMPONG BAHRU ROAD, SINGAPORE 169349",Office,None,1.276044,103.829353
,"333 JALAN BESAR, SINGAPORE 209018",Office,None,1.303728,103.854247
THE WOODGROVE,"30 WOODLANDS AVENUE 1, SINGAPORE 739065",Retail,None,1.429166,103.781074
THE 101,"101 BEACH ROAD, SINGAPORE 189703",Office,None,1.297453,103.856966
MIDPOINT ORCHARD,"220 ORCHARD ROAD, SINGAPORE 238852",Retail,None,1.301714,103.838631
BENCOOLEN RESIDENCES,"51 BENCOOLEN STREET, SINGAPORE 189630",Hotel,None,1.301588,103.852588
SINGAPORE POOLS BUILDING,"210 MIDDLE ROAD, SINGAPORE 188994",Office,GoldPlus,1.300502,103.851708
BAY HOTEL SINGAPORE,"50 TELOK BLANGAH ROAD, SINGAPORE 098828",Hotel,None,1.266284,103.823921
INTERNATIONAL BUILDING,"360 ORCHARD ROAD, SINGAPORE 238869",Office,GoldPlus,1.306049,103.831008
BANK OF SINGAPORE CENTRE,"63 MARKET STREET, SINGAPORE 048942",Office,None,1.284009,103.850497
OCBC CAMPUS,"260 TANJONG PAGAR ROAD, SINGAPORE 088542",Office,None,1.273677,103.842991
POMO,"1 SELEGIE ROAD, SINGAPORE 188306",Private School,Platinum,1.2999100000000001,103.84935899999999
PARKWAY PARADE,"80 MARINE PARADE ROAD, SINGAPORE 449269",Office,Platinum,1.301672,103.90446
,"14 INTERNATIONAL BUSINESS PARK, SINGAPORE 609922",Office,None,1.3294350000000001,103.747742
